Word,new AoA,Frequency,V.Mean.Sum,V.SD.Sum,V.Rat.Sum,A.Mean.Sum,A.SD.Sum,A.Rat.Sum,icon_eng,freq_eng,Bigram,Conc.M,Conc.SD,Unknown,Total,SUBTLEX
able,309.0,2.517,6.64,1.79,22.0,3.38,2.25,21.0,0.466666667,5.44,0.0,2.38,1.42,1.0,27.0,8155.0
add,225.0,2.3694,6.23,1.77,22.0,4.0,2.38,20.0,-0.153846154,5.07,0.0,3.0,1.51,0.0,30.0,1686.0
afraid,246.0,2.0508,2.25,1.16,20.0,5.12,2.57,42.0,1.333333333,4.73,0.0,2.7,1.39,0.0,30.0,12631.0
aim,357.0,1.7326,5.95,1.76,22.0,4.0,2.37,21.0,0.454545455,4.53,0.0,3.27,1.23,0.0,30.0,758.0
air,233.0,2.4006,6.71,1.85,21.0,3.25,2.55,20.0,1.3,5.37,0.0,4.11,1.22,0.0,27.0,7090.0
alarm,319.0,1.3361,3.86,1.98,21.0,6.85,2.39,20.0,1.090909091,4.29,0.0,4.47,0.78,0.0,30.0,1522.0
alcoholic,583.0,0.8189,2.49,1.54,39.0,5.48,2.69,23.0,0.4166666670000001,3.9,0.0,3.37,1.5,0.0,30.0,316.0
alive,277.0,1.8021,6.57,2.33,23.0,5.93,2.88,41.0,1.384615385,4.75,0.0,3.14,1.58,0.0,28.0,7878.0
alligator,332.0,0.1943,4.23,1.88,22.0,5.36,2.3,22.0,1.090909091,3.3,0.0,4.96,0.19,0.0,28.0,178.0
anger,288.0,1.7161,2.5,1.36,20.0,5.93,2.77,43.0,1.0,4.47,0.0,2.41,1.32,0.0,29.0,991.0
angry,263.0,1.8238,2.53,1.74,19.0,6.2,2.57,20.0,1.769230769,4.66,0.0,2.53,1.63,0.0,30.0,3008.0
antelope,446.0,0.7059,5.68,1.46,22.0,4.46,2.72,26.0,-1.4,3.04,0.0,5.0,0.0,0.0,28.0,50.0
ape,324.0,1.0394,5.21,1.72,19.0,4.25,2.73,20.0,1.2,3.52,0.0,4.79,0.79,0.0,28.0,493.0
arch,353.0,1.2357,5.8,1.77,20.0,3.15,1.93,20.0,2.5,4.03,0.0,4.59,0.91,0.0,29.0,188.0
argue,319.0,2.0755,3.15,1.53,20.0,6.67,2.61,18.0,0.428571429,4.54,0.0,2.75,1.27,0.0,28.0,1007.0
arrange,359.0,1.9477,5.15,0.93,20.0,3.57,2.11,21.0,0.428571429,4.03,0.0,2.79,1.35,0.0,29.0,791.0
attempt,380.0,2.0416,6.0,1.55,21.0,4.94,2.29,18.0,-0.272727273,4.9,0.0,2.22,1.09,0.0,27.0,975.0
avoid,422.0,2.0604,4.1,1.45,21.0,3.92,2.06,24.0,-0.166666667,4.89,0.0,2.41,1.28,0.0,27.0,1239.0
awake,326.0,0.9053,6.76,1.48,21.0,5.5,2.67,20.0,2.1,4.18,0.0,3.32,1.25,0.0,28.0,1362.0
baboon,444.0,0.6503,5.55,1.61,20.0,5.11,2.11,19.0,1.181818182,2.75,0.0,4.92,0.27,0.0,26.0,87.0
baby,157.0,2.4118,6.67,2.36,43.0,4.97,2.65,38.0,2.230769231,5.25,0.0,5.0,0.0,0.0,28.0,25978.0
back,222.0,2.9941,4.76,1.76,21.0,2.59,1.79,22.0,0.4,6.05,0.0,4.33,1.15,0.0,30.0,102467.0
bad,166.0,2.5198,3.24,1.92,21.0,4.86,2.69,21.0,0.5625,5.54,0.0,1.68,1.02,1.0,29.0,27804.0
badger,359.0,0.8645,4.63,2.24,19.0,4.35,2.12,23.0,0.2,3.53,0.0,4.37,1.21,0.0,27.0,89.0
banana,193.0,0.9261,6.71,2.03,21.0,3.21,2.19,24.0,1.0,4.0,0.0,5.0,0.0,0.0,29.0,547.0
bat,250.0,1.1588,4.81,2.11,21.0,4.57,2.52,23.0,0.153846154,4.27,0.0,5.0,0.0,0.0,30.0,1052.0
bath,191.0,0.7846,7.0,1.75,37.0,3.25,2.35,40.0,0.3,4.39,0.0,4.85,0.6,0.0,27.0,1587.0
battle,319.0,1.9097,3.52,2.23,21.0,6.25,2.94,20.0,1.5,4.95,0.0,4.0,0.9,0.0,28.0,2155.0
be,298.0,4.5842,6.18,1.44,22.0,3.43,2.31,21.0,0.384615385,6.8,0.0,1.85,1.26,1.0,28.0,293085.0
bear,220.0,1.2095,5.33,2.25,18.0,4.5,3.07,20.0,-0.25,4.75,0.0,4.88,0.43,0.0,26.0,2928.0
beautiful,279.0,2.0642,7.61,1.74,41.0,5.71,2.82,41.0,2.333333333,5.16,0.0,2.16,1.24,0.0,31.0,14266.0
beaver,389.0,0.4547,5.0,1.84,21.0,4.05,2.26,22.0,0.2,3.54,0.0,4.68,0.94,0.0,28.0,246.0
bee,193.0,1.2214,3.68,1.67,22.0,5.65,2.4,23.0,1.545454545,4.05,0.0,4.88,0.71,0.0,32.0,528.0
begin,271.0,2.8354,6.44,2.04,18.0,2.85,2.23,20.0,1.571428571,4.88,0.0,2.56,1.42,0.0,25.0,2906.0
beginning,332.0,1.881,6.39,2.12,18.0,3.0,2.7,20.0,0.181818182,5.04,0.0,2.5,1.39,0.0,26.0,3219.0
beige,452.0,-0.301,5.26,2.16,19.0,2.6,2.3,20.0,0.307692308,3.22,0.0,3.41,1.59,0.0,29.0,69.0
belong,332.0,1.9183,6.5,2.31,18.0,2.9,2.43,20.0,-0.166666667,4.4,0.0,1.43,0.73,0.0,30.0,2263.0
big,155.0,2.5959,5.64,1.73,22.0,4.33,2.42,21.0,1.090909091,5.64,0.0,3.66,1.56,0.0,29.0,34824.0
black,208.0,1.7753,5.4,2.14,20.0,3.58,2.41,38.0,1.19047619,5.46,0.0,3.76,1.64,0.0,29.0,8565.0
blame,326.0,1.6683,2.94,1.92,18.0,4.81,2.84,21.0,0.428571429,4.64,0.0,2.06,1.18,0.0,31.0,2998.0
blue,206.0,1.4747,6.53,2.34,19.0,3.69,2.4,45.0,-0.066666667,5.12,0.0,3.76,1.45,0.0,25.0,5222.0
blush,385.0,1.0349,6.38,1.88,21.0,4.74,2.14,23.0,1.6,3.45,0.0,4.41,0.8,0.0,27.0,136.0
boat,442.0,0.1089,6.36,1.4,22.0,4.05,2.18,21.0,1.142857143,4.71,0.0,4.93,0.37,0.0,30.0,4885.0
boil,294.0,1.6325,4.48,1.47,21.0,5.42,2.24,19.0,1.384615385,3.77,0.0,4.2,1.12,0.0,25.0,303.0
bomb,399.0,1.6146,2.47,1.65,43.0,5.71,2.82,45.0,1.9,4.6,0.0,4.84,0.37,0.0,25.0,2736.0
book,174.0,2.6381,7.05,1.73,39.0,3.13,2.4,39.0,0.090909091,5.45,0.0,4.9,0.31,0.0,29.0,9026.0
born,256.0,1.9604,7.33,2.22,18.0,3.9,2.68,21.0,-0.818181818,5.06,0.0,3.22,1.22,0.0,27.0,4268.0
bother,336.0,1.7671,4.44,2.41,18.0,4.2,2.67,20.0,0.5,4.43,0.0,2.0,1.12,0.0,28.0,3436.0
bowl,228.0,1.5187,5.67,1.49,40.0,3.21,2.2,47.0,1.5,4.58,0.0,4.87,0.73,0.0,30.0,1094.0
box,340.0,-0.0487,5.33,1.78,18.0,2.67,1.8,21.0,0.5625,5.03,0.0,4.9,0.41,0.0,29.0,4577.0
boy,150.0,2.5442,5.84,1.7,38.0,4.11,2.49,45.0,1.7,5.18,0.0,4.76,0.6,0.0,25.0,27021.0
break,376.0,1.4811,5.1,2.45,21.0,4.71,2.26,21.0,2.9,5.18,0.0,3.71,1.21,0.0,28.0,11275.0
breakfast,167.0,1.7441,7.39,1.79,18.0,5.0,2.49,20.0,0.916666667,4.56,0.0,4.43,1.1,0.0,30.0,3381.0
breathe,232.0,1.6453,7.17,1.69,18.0,2.6,2.19,20.0,2.666666667,4.24,0.0,4.07,1.13,0.0,29.0,2474.0
bridge,284.0,1.8209,5.44,1.42,18.0,3.48,2.73,21.0,-0.166666667,4.74,0.0,4.97,0.19,1.0,30.0,2331.0
brief,439.0,1.6398,6.0,1.41,19.0,3.42,2.21,24.0,0.2,4.58,0.0,2.38,1.12,0.0,29.0,732.0
bright,292.0,1.9296,6.84,1.86,19.0,5.0,2.45,20.0,1.5,4.59,0.0,3.92,0.93,0.0,26.0,2265.0
bring,247.0,2.7098,5.68,1.25,22.0,4.29,2.05,21.0,0.133333333,5.25,0.0,2.55,1.43,0.0,29.0,16685.0
broad,376.0,1.7067,5.14,1.8,21.0,3.26,2.51,19.0,2.266666667,4.59,0.0,2.45,1.43,0.0,29.0,751.0
bronze,448.0,1.211,5.81,1.47,21.0,3.62,2.55,24.0,0.083333333,4.16,0.0,4.47,1.07,0.0,30.0,143.0
brown,243.0,0.9619,5.52,1.63,21.0,3.32,2.19,22.0,0.571428571,4.99,0.0,4.48,1.05,0.0,27.0,3066.0
brush,198.0,1.2184,5.47,1.26,19.0,3.18,1.71,22.0,1.727272727,4.15,0.0,4.54,0.74,0.0,28.0,722.0
bug,383.0,0.6866,3.45,1.47,20.0,6.06,2.39,18.0,1.9,4.19,0.0,5.0,0.0,0.0,29.0,1068.0
build,251.0,2.3842,6.33,1.68,18.0,3.38,2.18,21.0,1.153846154,5.01,0.0,3.71,1.46,0.0,28.0,2452.0
builder,343.0,1.0394,5.95,1.31,19.0,3.32,2.17,22.0,0.857142857,3.85,0.0,3.97,1.4,0.0,30.0,48.0
bull,286.0,1.44,3.95,1.65,22.0,4.9,2.85,20.0,1.4,4.34,0.0,4.85,0.53,0.0,27.0,1403.0
bungalow,380.0,0.887,6.5,1.1,20.0,3.64,2.61,22.0,-0.363636364,3.22,0.0,4.63,0.61,0.0,30.0,84.0
burst,294.0,1.5809,5.43,1.21,21.0,5.09,2.45,22.0,2.916666667,4.18,0.0,3.1,1.23,0.0,29.0,435.0
butter,235.0,0.4192,6.36,1.74,39.0,3.37,2.15,43.0,0.545454545,4.31,0.0,4.9,0.55,0.0,30.0,1042.0
buy,237.0,2.4093,6.82,1.84,22.0,4.29,2.43,21.0,-0.083333333,5.28,0.0,3.35,1.23,0.0,26.0,9814.0
calf,294.0,1.3142,5.44,1.29,25.0,3.7,2.44,23.0,-0.4,3.66,0.0,4.48,0.89,1.0,28.0,151.0
call,254.0,2.8416,6.18,1.84,22.0,3.29,2.03,21.0,0.4166666670000001,5.51,0.0,4.0,1.11,1.0,28.0,43931.0
camel,303.0,1.3994,5.29,1.42,21.0,3.1,1.55,21.0,0.272727273,3.67,0.0,4.93,0.25,0.0,30.0,256.0
canary,326.0,0.5106,6.37,1.95,19.0,3.5,1.85,22.0,0.8,3.38,0.0,4.63,1.03,0.0,30.0,149.0
carpet,244.0,1.4779,5.95,1.5,21.0,2.77,1.6,22.0,-0.272727273,4.08,0.0,4.96,0.19,0.0,27.0,594.0
cast,471.0,1.6146,5.26,2.1,19.0,3.55,2.22,22.0,0.222222222,4.74,0.0,3.92,1.35,0.0,26.0,1180.0
cause,416.0,2.2349,5.14,1.58,22.0,3.48,2.44,21.0,-0.090909091,5.38,0.0,2.43,1.4,0.0,28.0,15812.0
chart,413.0,1.255,5.35,1.14,20.0,3.1,1.89,21.0,-0.076923077,4.44,0.0,4.48,1.19,0.0,27.0,483.0
chase,282.0,1.3071,3.77,2.29,22.0,6.6,2.72,20.0,0.692307692,4.41,0.0,3.48,1.21,0.0,29.0,1673.0
cheat,335.0,0.1451,3.05,1.9,20.0,4.91,2.71,22.0,-0.363636364,4.04,0.0,2.23,1.19,0.0,30.0,901.0
cheer,308.0,1.1784,7.1,1.5,40.0,5.33,2.47,43.0,2.8,4.04,0.0,2.77,1.42,0.0,26.0,953.0
cheetah,456.0,-0.1739,6.27,1.72,22.0,5.31,2.71,26.0,-0.181818182,3.18,0.0,4.7,0.87,0.0,27.0,117.0
chef,469.0,0.525,6.15,1.81,20.0,3.05,1.81,22.0,-0.75,4.16,0.0,4.3,1.29,0.0,30.0,606.0
chew,223.0,1.3047,5.58,1.77,19.0,3.8,2.24,20.0,2.214285714,3.66,0.0,3.93,1.36,0.0,27.0,462.0
child,221.0,3.0347,7.2,1.47,41.0,5.33,2.59,18.0,0.933333333,5.33,0.0,4.78,0.58,0.0,27.0,8040.0
children,226.0,3.0347,6.36,2.11,22.0,5.09,2.56,22.0,0.8,5.53,0.0,4.89,0.32,0.0,27.0,8930.0
chill,376.0,0.8228,5.16,2.09,19.0,3.25,2.12,20.0,0.923076923,4.12,0.0,2.89,1.34,0.0,27.0,828.0
chinchilla,570.0,-0.6508,6.15,1.81,20.0,4.43,1.83,21.0,-0.25,2.6,0.0,4.72,0.7,0.0,29.0,27.0
chipmunk,564.0,-0.9518,7.33,1.64,18.0,3.8,2.02,20.0,0.1,2.78,0.0,4.97,0.19,0.0,29.0,42.0
chop,333.0,0.7014,4.6,0.99,20.0,4.43,2.29,21.0,3.272727273,3.73,0.0,4.48,0.74,0.0,29.0,694.0
cigarette,264.0,1.8523,3.0,2.85,22.0,4.0,2.03,20.0,1.0,4.09,0.0,4.88,0.43,0.0,26.0,1357.0
circle,340.0,1.0503,5.76,1.3,41.0,3.33,2.38,43.0,1.307692308,4.57,0.0,4.44,0.97,0.0,27.0,1097.0
clang,402.0,0.4953,4.1,1.26,21.0,4.61,2.23,23.0,3.857142857,2.58,0.0,3.96,1.16,2.0,29.0,43.0
clean,213.0,1.7975,7.09,1.8,22.0,3.57,2.2,21.0,0.923076923,4.9,0.0,3.07,1.41,0.0,28.0,6183.0
clip,385.0,0.6767,5.36,1.18,22.0,2.9,1.61,21.0,1.75,4.23,0.0,4.37,1.1,0.0,30.0,290.0
close,245.0,2.081,5.23,2.09,22.0,3.81,2.06,21.0,-0.125,5.36,0.0,3.2,1.32,0.0,30.0,11191.0
coast,311.0,1.7038,5.9,2.28,21.0,4.17,2.64,23.0,-0.428571429,4.86,0.0,4.21,1.1,0.0,28.0,1361.0
cod,368.0,0.9903,5.21,1.81,19.0,3.95,2.44,22.0,-1.363636364,3.83,0.0,4.61,1.1,0.0,28.0,114.0
cold,180.0,2.2193,4.32,2.11,19.0,3.55,2.57,44.0,1.5,5.04,0.0,3.85,1.3,5.0,5887.0,6638.0
collect,346.0,1.8447,5.9,1.37,21.0,3.14,1.78,22.0,0.384615385,4.37,0.0,3.34,1.32,0.0,29.0,1020.0
college,484.0,2.0124,6.44,1.72,18.0,4.0,2.77,20.0,1.0,5.24,0.0,4.62,0.82,0.0,29.0,4344.0
comb,217.0,0.9484,5.65,1.39,20.0,2.33,1.61,18.0,-0.066666667,3.49,0.0,5.0,0.0,1.0,30.0,309.0
come,244.0,3.2931,5.64,1.26,22.0,3.57,2.04,21.0,0.214285714,5.78,0.0,2.72,1.67,0.0,25.0,160190.0
concept,592.0,1.7952,4.89,1.78,18.0,2.9,1.7,21.0,0.285714286,4.79,0.0,1.41,0.64,0.0,27.0,553.0
confuse,441.0,1.3153,4.5,1.54,20.0,3.95,1.93,20.0,1.0,3.74,0.0,2.04,1.26,0.0,28.0,243.0
construct,450.0,1.4556,5.4,1.47,20.0,4.33,1.93,21.0,0.083333333,4.04,0.0,2.6,1.19,0.0,25.0,74.0
contact,439.0,1.9171,6.17,2.07,18.0,3.33,2.5,21.0,0.2,5.05,0.0,3.86,1.41,0.0,28.0,3305.0
contract,570.0,1.1753,5.1,1.37,21.0,3.95,2.35,20.0,-0.692307692,4.94,0.0,4.15,1.2,0.0,27.0,1650.0
cook,288.0,1.2643,7.12,1.62,41.0,4.33,2.47,42.0,0.9,4.62,0.0,4.32,1.02,0.0,28.0,2324.0
cool,279.0,1.4108,6.82,1.56,22.0,3.43,2.31,21.0,2.214285714,5.15,0.0,3.53,1.07,0.0,30.0,9990.0
cope,435.0,1.6404,5.1,1.77,20.0,4.1,2.67,20.0,-0.307692308,4.09,0.0,1.78,1.01,0.0,32.0,166.0
cost,428.0,2.258,4.11,1.97,18.0,4.9,2.77,21.0,0.538461538,5.22,0.0,2.5,1.2,0.0,28.0,2801.0
cougar,579.0,-0.7696,5.67,2.37,21.0,5.7,2.89,20.0,1.2,3.22,0.0,4.82,0.55,0.0,28.0,102.0
cough,226.0,1.0955,3.57,1.95,23.0,4.5,2.26,22.0,2.363636364,3.95,0.0,4.36,1.19,0.0,28.0,448.0
council,540.0,2.0784,5.0,1.65,20.0,3.86,1.68,21.0,0.076923077,5.12,0.0,2.73,1.48,0.0,26.0,863.0
counsel,611.0,0.7427,5.48,1.54,21.0,2.86,1.73,22.0,0.166666667,4.22,0.0,2.48,1.43,0.0,29.0,726.0
country,314.0,2.7478,6.14,1.67,22.0,3.71,2.47,21.0,-0.529411765,5.51,0.0,4.17,1.18,0.0,30.0,8254.0
cow,174.0,1.6051,5.42,1.71,19.0,2.95,1.86,42.0,1.454545455,4.16,0.0,4.96,0.19,0.0,28.0,1301.0
coyote,572.0,0.0899,4.05,1.86,21.0,5.55,2.09,22.0,-0.4,3.32,0.0,4.96,0.19,0.0,28.0,185.0
crack,305.0,1.3469,2.68,1.86,22.0,5.25,2.53,20.0,3.1,4.39,0.0,4.53,0.82,0.0,30.0,1675.0
craft,426.0,1.2577,6.38,1.53,21.0,4.04,1.81,25.0,0.7333333329999999,4.32,0.0,3.48,1.35,0.0,29.0,289.0
creak,387.0,0.9085,4.68,1.63,19.0,4.4,2.39,20.0,1.923076923,2.48,0.0,3.61,1.42,0.0,28.0,26.0
cream,245.0,1.4795,6.56,1.95,18.0,3.8,2.78,20.0,0.214285714,4.55,0.0,4.83,0.46,0.0,30.0,2484.0
creed,534.0,0.7642,5.25,1.68,20.0,3.67,1.85,18.0,-0.357142857,3.76,0.0,2.1,0.98,0.0,29.0,129.0
crimson,389.0,0.2529,5.67,1.35,21.0,4.52,2.52,23.0,0.307692308,3.54,0.0,4.0,1.44,0.0,27.0,67.0
crocodile,316.0,0.7471,3.15,1.93,20.0,6.48,1.86,21.0,1.0,3.49,0.0,4.83,0.64,0.0,24.0,115.0
crow,279.0,-1.5539,4.32,2.29,19.0,3.55,2.37,20.0,1.909090909,3.81,0.0,4.93,0.26,0.0,28.0,227.0
cry,159.0,1.4681,3.22,2.41,18.0,5.45,2.82,20.0,0.8666666670000001,4.62,0.0,4.0,1.25,0.0,29.0,3348.0
cure,392.0,1.3303,7.81,1.33,21.0,4.5,2.76,22.0,-0.071428571,4.3,0.0,2.41,1.38,0.0,29.0,1063.0
curl,320.0,1.1833,5.72,1.67,18.0,3.05,1.79,20.0,0.692307692,3.48,0.0,4.38,0.98,0.0,26.0,120.0
damage,344.0,1.6459,2.98,1.67,42.0,4.86,2.61,43.0,1.615384615,4.89,0.0,3.2,1.29,0.0,25.0,1686.0
dance,295.0,1.566,7.27,1.49,22.0,5.48,2.62,21.0,0.153846154,4.93,0.0,4.32,1.22,0.0,28.0,7550.0
dash,333.0,1.1109,5.05,1.43,20.0,4.29,2.07,24.0,2.454545455,3.94,0.0,3.39,1.4,0.0,28.0,308.0
day,204.0,2.9516,6.36,1.4,22.0,3.62,2.31,21.0,-0.153846154,5.94,0.0,3.92,1.38,0.0,25.0,40893.0
deal,413.0,2.0192,6.14,1.52,22.0,3.9,2.39,21.0,-0.538461538,5.32,0.0,3.1,1.18,0.0,29.0,13330.0
death,342.0,2.379,1.89,1.24,19.0,5.53,2.62,43.0,0.7857142859999999,5.44,0.0,3.73,1.48,0.0,30.0,11051.0
deem,579.0,0.7686,4.74,1.28,19.0,3.29,1.65,21.0,-0.583333333,3.39,0.0,2.1,1.42,0.0,29.0,30.0
defeat,416.0,1.3641,3.74,1.79,19.0,4.14,2.49,22.0,0.076923077,4.53,0.0,2.96,1.5,0.0,28.0,580.0
defy,449.0,1.0546,4.84,1.46,19.0,5.43,2.18,21.0,0.846153846,3.46,0.0,1.86,1.13,0.0,29.0,158.0
delight,432.0,1.4461,8.21,0.92,19.0,5.02,2.69,43.0,0.692307692,3.9,0.0,2.3,1.18,0.0,30.0,288.0
democracy,612.0,1.7497,6.16,2.57,19.0,5.05,2.48,22.0,0.142857143,4.59,0.0,1.78,1.01,0.0,27.0,337.0
deny,410.0,1.816,3.81,1.72,21.0,5.63,2.39,19.0,0.857142857,4.38,0.0,2.2,1.27,0.0,30.0,1091.0
despise,516.0,1.1604,3.08,1.58,39.0,4.77,2.22,22.0,1.0,3.52,0.0,2.12,1.3,0.0,25.0,230.0
destroy,393.0,2.0167,2.67,2.3,18.0,5.16,2.85,45.0,1.857142857,4.5,0.0,3.08,1.2,0.0,26.0,2406.0
die,286.0,2.3785,1.67,1.65,21.0,6.9,2.21,21.0,0.333333333,5.13,0.0,3.07,1.62,0.0,30.0,13318.0
dig,230.0,1.6021,5.28,1.81,18.0,3.67,2.59,21.0,0.636363636,4.22,0.0,4.33,1.0,0.0,27.0,2357.0
dirty,284.0,-0.0768,3.17,1.89,42.0,5.05,2.18,21.0,1.0,4.54,0.0,4.23,1.14,0.0,26.0,3389.0
disease,396.0,1.9352,1.68,0.89,19.0,5.5,2.31,20.0,0.166666667,4.96,0.0,3.45,1.33,0.0,29.0,1335.0
dive,346.0,1.0993,5.81,1.44,21.0,3.79,2.78,24.0,1.571428571,4.01,0.0,4.03,1.24,0.0,29.0,654.0
do,439.0,-0.7757,5.41,1.84,22.0,3.67,2.15,21.0,0.846153846,6.4,0.0,2.46,1.57,0.0,28.0,312915.0
doctor,241.0,2.2662,5.93,1.89,41.0,4.05,2.4,21.0,1.6,4.95,0.0,4.69,0.81,0.0,29.0,13461.0
dolphin,442.0,0.48,6.67,1.53,21.0,3.0,2.45,22.0,0.181818182,3.64,0.0,4.96,0.19,0.0,28.0,141.0
donkey,235.0,1.152,6.29,1.45,17.0,2.9,1.89,20.0,0.842105263,3.63,0.0,5.0,0.0,0.0,29.0,273.0
draw,222.0,2.3329,6.18,2.08,22.0,3.6,2.26,20.0,0.2,4.83,0.0,3.97,1.1,0.0,30.0,2061.0
dream,275.0,1.887,7.43,1.8,21.0,4.37,2.81,43.0,0.642857143,4.92,0.0,2.6,1.52,0.0,30.0,6798.0
dress,231.0,1.9136,6.42,2.14,19.0,4.73,2.44,45.0,0.0,4.72,0.0,4.93,0.26,0.0,28.0,4447.0
drill,407.0,1.0673,4.73,2.1,22.0,5.11,2.13,19.0,0.909090909,4.04,0.0,4.4,1.08,0.0,25.0,701.0
drink,166.0,2.0153,6.67,1.83,21.0,5.19,2.56,21.0,1.0,4.91,0.0,4.76,0.69,0.0,29.0,12617.0
drive,330.0,2.1128,6.5,1.99,22.0,4.19,1.91,21.0,0.230769231,5.11,0.0,3.86,1.21,0.0,28.0,7810.0
drop,231.0,2.1539,4.23,1.57,22.0,4.67,2.35,21.0,1.071428571,4.96,0.0,4.21,1.32,0.0,28.0,6661.0
drum,319.0,0.7339,6.05,1.43,19.0,4.67,2.54,21.0,3.181818182,4.08,0.0,4.96,0.19,0.0,28.0,432.0
dull,532.0,0.3906,3.4,0.94,20.0,1.67,1.03,18.0,1.615384615,3.95,0.0,2.37,1.22,0.0,30.0,616.0
dust,290.0,0.929,3.72,1.45,18.0,3.45,2.19,20.0,0.538461538,4.4,0.0,4.4,0.87,0.0,25.0,1216.0
ease,433.0,1.3652,6.15,2.13,20.0,2.45,1.41,22.0,0.75,4.35,0.0,2.32,1.31,0.0,28.0,974.0
east,366.0,1.5091,6.33,1.57,18.0,2.5,1.76,20.0,0.384615385,5.18,0.0,3.04,1.59,0.0,26.0,2527.0
eat,167.0,2.4617,7.1,1.73,41.0,4.38,2.79,45.0,0.647058824,5.13,0.0,4.44,1.0,0.0,25.0,12846.0
echo,359.0,1.0856,5.2,1.01,20.0,3.61,2.09,18.0,2.8,4.05,0.0,3.64,1.35,0.0,25.0,350.0
elk,509.0,0.1461,5.81,1.97,21.0,3.48,2.04,21.0,-1.0,3.39,0.0,4.93,0.37,0.0,29.0,306.0
embrace,484.0,1.3965,7.0,1.45,20.0,5.82,2.58,17.0,1.454545455,4.12,0.0,3.38,1.63,0.0,26.0,386.0
emerald,452.0,0.2385,7.3,1.75,20.0,5.33,2.32,24.0,-0.75,3.52,0.0,4.93,0.26,0.0,29.0,131.0
empty,273.0,1.1989,3.78,1.77,18.0,2.25,1.65,20.0,0.8,4.61,0.0,3.43,1.5,0.0,30.0,2409.0
emu,463.0,-0.5528,5.45,1.26,22.0,4.0,2.37,26.0,-0.727272727,2.98,0.0,4.79,0.62,0.0,29.0,22.0
enter,334.0,2.1106,6.09,1.41,22.0,4.3,2.3,20.0,0.307692308,4.83,0.0,3.12,1.21,0.0,26.0,1516.0
estate,507.0,1.673,5.65,1.31,20.0,3.45,1.99,20.0,-1.25,4.74,0.0,4.11,1.23,0.0,28.0,1076.0
expand,454.0,1.6673,5.35,1.42,20.0,3.3,2.05,20.0,1.214285714,4.35,0.0,3.36,1.42,0.0,28.0,178.0
expect,383.0,2.4543,5.95,1.8,21.0,4.86,2.03,21.0,-0.75,5.02,0.0,1.89,1.13,0.0,28.0,5299.0
explode,391.0,1.3448,4.38,1.75,21.0,5.32,2.77,22.0,2.727272727,3.8,0.0,4.1,0.96,0.0,30.0,499.0
extend,475.0,1.871,5.86,1.58,22.0,3.62,2.09,21.0,1.5,4.37,0.0,2.93,1.23,0.0,30.0,327.0
eye,204.0,2.7195,6.18,1.47,22.0,3.95,2.27,21.0,1.0,5.04,0.0,4.9,0.41,0.0,29.0,5701.0
face,178.0,2.6635,6.36,1.54,42.0,4.59,2.5,39.0,0.272727273,5.46,0.0,4.87,0.43,0.0,30.0,14747.0
fact,411.0,2.7579,6.23,1.8,22.0,3.29,1.93,21.0,1.5,5.46,0.0,2.72,1.56,0.0,29.0,8801.0
factory,380.0,1.7741,4.95,2.21,20.0,3.0,1.94,18.0,0.0,4.53,0.0,4.76,0.79,0.0,29.0,857.0
fail,378.0,2.1635,2.33,1.32,21.0,5.5,2.76,20.0,1.0,4.64,0.0,3.0,1.44,0.0,29.0,1254.0
faint,408.0,0.8153,4.0,1.48,21.0,3.74,2.22,23.0,0.384615385,3.79,0.0,3.74,1.02,0.0,27.0,473.0
fall,210.0,2.4695,3.89,2.31,19.0,4.24,2.17,21.0,1.533333333,5.16,0.0,4.04,1.08,0.0,26.0,6044.0
farm,256.0,1.9318,6.22,1.73,40.0,3.05,2.42,22.0,-0.105263158,4.76,0.0,4.59,0.93,0.0,27.0,1532.0
father,185.0,2.4784,6.88,1.78,41.0,3.68,2.14,19.0,2.0,5.31,0.0,4.52,1.02,0.0,29.0,28279.0
fear,303.0,2.1658,2.93,1.79,42.0,6.14,2.76,21.0,0.833333333,5.0,0.0,2.57,1.48,0.0,28.0,3523.0
feed,227.0,2.1236,6.95,1.8,21.0,4.55,2.21,20.0,0.8,4.63,0.0,4.17,1.18,0.0,30.0,2162.0
feel,244.0,2.9372,6.27,1.93,22.0,4.05,2.69,21.0,1.25,5.66,0.0,2.28,1.41,0.0,29.0,31989.0
fence,467.0,0.4004,5.05,1.84,19.0,2.7,2.11,20.0,0.25,4.18,0.0,4.82,0.55,0.0,28.0,819.0
fight,284.0,2.1535,3.54,1.99,41.0,6.33,2.4,18.0,0.363636364,5.2,0.0,4.2,0.82,0.0,25.0,10255.0
file,494.0,1.3177,5.44,1.5,18.0,3.4,2.5,20.0,-0.071428571,4.8,0.0,4.41,0.8,0.0,27.0,2246.0
find,258.0,3.0377,6.45,1.65,22.0,3.52,2.58,21.0,0.0,5.75,0.0,2.63,1.5,0.0,27.0,42379.0
fine,321.0,1.4984,6.5,1.41,22.0,3.86,2.43,21.0,-0.461538462,5.22,0.0,2.61,1.47,0.0,28.0,30502.0
fire,189.0,2.2103,4.32,2.36,19.0,6.05,2.18,21.0,1.4615384619999998,5.3,0.0,4.68,0.75,0.0,25.0,10990.0
first,235.0,2.8768,7.33,1.28,18.0,4.9,2.83,20.0,1.3,6.14,0.0,2.76,1.43,0.0,29.0,42869.0
fish,275.0,1.493,6.42,1.67,45.0,3.33,2.51,42.0,0.071428571,4.89,0.0,5.0,0.0,0.0,27.0,4258.0
fit,364.0,1.8752,6.28,2.08,18.0,4.35,2.66,20.0,0.470588235,4.89,0.0,2.7,1.34,0.0,30.0,2937.0
five,208.0,2.4653,5.4,0.94,20.0,3.55,2.14,20.0,0.7692307690000001,5.46,0.0,3.87,1.48,0.0,30.0,14558.0
float,321.0,1.5143,6.42,1.02,19.0,3.1,1.61,21.0,0.545454545,3.95,0.0,4.07,1.21,0.0,27.0,381.0
floor,204.0,2.2456,5.14,1.42,22.0,3.33,2.5,21.0,0.5,4.94,0.0,4.8,0.81,0.0,30.0,5132.0
flounder,590.0,0.5855,5.32,2.14,19.0,4.0,2.29,22.0,0.3,2.71,0.0,3.92,1.35,0.0,24.0,43.0
flower,183.0,1.9709,7.3,1.87,20.0,3.67,2.59,49.0,-0.083333333,4.38,0.0,5.0,0.0,0.0,27.0,1161.0
fly,200.0,1.552,6.06,2.65,18.0,4.9,2.41,21.0,1.923076923,4.75,0.0,4.64,0.83,0.0,28.0,4335.0
follow,291.0,2.4718,4.82,1.05,22.0,3.76,2.34,21.0,0.142857143,5.16,0.0,3.26,1.35,0.0,27.0,6283.0
foot,163.0,2.5148,4.68,1.42,19.0,2.77,1.57,22.0,-0.4,4.86,0.0,4.9,0.41,0.0,29.0,3311.0
four,189.0,2.5138,5.26,1.28,19.0,3.39,2.17,18.0,-0.307692308,5.54,0.0,3.37,1.38,0.0,30.0,13045.0
fragile,456.0,1.063,4.67,1.2,21.0,3.05,1.96,22.0,1.0,3.86,0.0,2.86,1.38,0.0,28.0,262.0
freeze,348.0,1.6497,4.64,2.52,22.0,4.0,2.03,20.0,1.066666667,4.07,0.0,3.96,1.26,0.0,27.0,1640.0
friend,236.0,2.5524,6.79,2.49,19.0,4.29,2.69,21.0,0.818181818,5.39,0.0,3.07,1.41,0.0,28.0,21384.0
frown,355.0,1.2184,3.35,1.35,20.0,3.61,2.17,18.0,1.454545455,3.24,0.0,4.08,1.41,0.0,25.0,104.0
garden,239.0,2.148,7.25,1.48,20.0,3.71,2.8,42.0,-0.1875,4.76,0.0,4.73,0.91,0.0,30.0,1354.0
gentle,346.0,1.5614,7.42,1.72,43.0,3.17,2.01,18.0,2.642857143,4.11,0.0,2.53,1.38,0.0,30.0,844.0
get,251.0,3.3777,6.09,1.57,22.0,3.67,2.03,21.0,-0.583333333,6.27,0.0,2.38,1.35,0.0,29.0,233772.0
giggle,295.0,1.2095,7.95,1.28,20.0,5.39,2.81,18.0,3.0,3.26,0.0,3.72,1.34,0.0,25.0,87.0
giraffe,342.0,0.1943,6.52,1.6,21.0,2.91,1.93,22.0,-1.19047619,3.32,0.0,4.73,0.83,1.0,31.0,76.0
give,243.0,3.1074,7.73,1.08,22.0,4.57,2.23,21.0,1.272727273,5.71,0.0,2.83,1.42,0.0,29.0,59559.0
glamorous,501.0,0.7202,6.58,0.84,19.0,4.81,2.71,21.0,1.333333333,3.38,0.0,2.52,1.2,0.0,23.0,151.0
glass,254.0,2.1613,5.48,1.67,42.0,3.14,1.88,21.0,0.8,4.87,0.0,4.82,0.48,0.0,28.0,3096.0
glide,424.0,0.8116,6.1,1.61,21.0,4.58,2.39,24.0,3.0,3.28,0.0,3.93,1.47,0.0,27.0,120.0
glitter,357.0,0.5253,6.15,2.03,20.0,4.86,2.35,21.0,1.076923077,3.42,0.0,4.43,1.03,0.0,28.0,104.0
gloom,417.0,1.0438,2.89,1.41,38.0,3.9,2.22,42.0,1.916666667,3.34,0.0,1.86,1.09,0.0,29.0,59.0
glue,304.0,0.4639,4.85,1.14,20.0,3.75,2.2,20.0,0.6,3.78,0.0,4.65,0.91,0.0,31.0,300.0
go,221.0,3.4617,6.32,1.25,22.0,4.86,2.41,21.0,1.454545455,6.05,0.0,3.15,1.38,0.0,27.0,193445.0
goat,282.0,1.4513,5.3,1.63,20.0,2.94,1.76,18.0,-0.2,3.97,0.0,5.0,0.0,0.0,30.0,537.0
gold,305.0,1.9444,7.28,1.83,39.0,6.35,2.64,20.0,0.692307692,5.17,0.0,4.81,0.8,0.0,26.0,4026.0
goldfish,269.0,0.3909,6.62,1.16,21.0,2.95,2.26,22.0,2.5,3.25,0.0,4.79,0.79,0.0,28.0,155.0
good,185.0,3.1628,7.89,1.24,19.0,3.66,2.72,44.0,0.928571429,6.13,0.0,1.64,0.86,0.0,25.0,133117.0
goose,286.0,1.0212,5.68,1.53,19.0,3.29,2.23,17.0,0.230769231,3.74,0.0,4.81,0.65,0.0,31.0,665.0
gopher,597.0,-0.6576,5.37,1.21,19.0,3.58,2.12,24.0,1.7,2.9,0.0,4.67,0.92,0.0,24.0,72.0
gorgeous,482.0,0.738,7.57,1.66,21.0,4.92,2.41,25.0,-0.076923077,4.22,0.0,2.25,1.14,0.0,28.0,1227.0
gorilla,383.0,0.4795,4.26,1.94,19.0,4.95,2.48,22.0,0.818181818,3.53,0.0,4.97,0.19,0.0,29.0,283.0
gown,410.0,1.0856,6.0,1.37,19.0,3.86,2.06,21.0,-0.727272727,3.71,0.0,4.61,0.99,0.0,28.0,334.0
grade,478.0,1.3022,5.18,1.68,22.0,4.75,2.94,20.0,0.615384615,4.75,0.0,3.0,1.35,1.0,26.0,1493.0
gratitude,460.0,1.0416,6.67,2.15,21.0,5.09,2.78,23.0,0.9,3.83,0.0,2.56,1.34,0.0,27.0,395.0
grind,465.0,1.4382,5.2,1.74,20.0,3.43,2.23,21.0,2.0,3.89,0.0,3.97,0.91,0.0,31.0,190.0
groan,399.0,1.0482,3.9,1.59,20.0,4.17,2.55,18.0,3.230769231,3.08,0.0,4.09,1.17,0.0,32.0,47.0
guilt,469.0,1.5621,2.29,1.35,21.0,4.48,2.98,23.0,-0.153846154,4.17,0.0,1.93,1.36,0.0,27.0,760.0
hair,180.0,2.3005,6.18,1.56,22.0,3.71,1.95,21.0,-0.4166666670000001,5.06,0.0,4.97,0.19,0.0,29.0,7831.0
hammer,297.0,1.0955,5.17,0.87,40.0,4.56,2.49,41.0,1.384615385,4.16,0.0,4.77,0.82,0.0,30.0,636.0
hamster,425.0,0.586,5.88,2.05,24.0,4.0,1.87,21.0,-1.909090909,3.26,0.0,4.86,0.59,0.0,28.0,109.0
hang,341.0,1.1688,3.1,1.84,21.0,4.86,2.37,21.0,0.0,4.61,0.0,3.7,1.17,1.0,28.0,7535.0
happy,258.0,2.1812,8.47,1.28,43.0,6.05,2.13,21.0,2.076923077,5.34,0.0,2.56,1.78,0.0,27.0,16993.0
hard,273.0,1.9887,4.35,1.97,23.0,4.5,2.75,46.0,3.692307692,5.52,0.0,3.76,1.3,0.0,29.0,15700.0
harm,355.0,1.0048,1.91,1.11,22.0,5.9,2.29,20.0,0.230769231,4.51,0.0,2.62,1.21,0.0,29.0,1621.0
harmony,498.0,1.1554,7.55,1.67,20.0,4.33,3.04,21.0,1.5384615380000002,4.18,0.0,2.46,1.23,0.0,28.0,419.0
hate,333.0,1.1817,1.96,1.33,102.0,6.26,2.31,82.0,1.4375,5.11,0.0,1.97,1.35,0.0,30.0,10944.0
have,253.0,4.1311,5.86,2.03,22.0,3.52,2.04,21.0,-0.2666666669999999,6.72,0.0,2.18,1.25,0.0,28.0,314232.0
head,443.0,1.6704,5.86,1.32,22.0,4.45,2.42,20.0,0.6875,5.51,0.0,4.75,0.65,0.0,28.0,18947.0
hear,253.0,2.7039,6.68,1.49,22.0,3.62,2.22,21.0,0.066666667,5.23,0.0,3.66,1.49,0.0,29.0,28323.0
heat,299.0,2.0416,4.77,2.62,22.0,5.75,2.69,20.0,1.4615384619999998,4.85,0.0,3.79,1.08,0.0,29.0,2044.0
help,269.0,2.1315,6.95,2.01,22.0,4.29,2.43,21.0,1.533333333,5.72,0.0,2.56,1.42,0.0,27.0,46977.0
high,247.0,2.5953,5.77,1.77,22.0,4.1,2.63,20.0,2.636363636,5.73,0.0,3.46,1.39,0.0,26.0,9945.0
hike,432.0,0.5539,6.68,1.67,19.0,4.32,2.61,22.0,1.181818182,3.8,0.0,4.14,0.95,0.0,29.0,333.0
hippopotamus,355.0,0.1271,6.38,1.91,21.0,4.17,2.76,23.0,1.3,2.61,0.0,4.93,0.38,0.0,28.0,28.0
hiss,327.0,0.943,3.65,2.11,20.0,4.29,2.55,21.0,4.153846154,3.03,0.0,3.6,1.38,0.0,30.0,47.0
hit,230.0,2.0005,3.95,2.04,21.0,5.48,2.0,23.0,1.0,5.35,0.0,4.11,1.2,0.0,28.0,14025.0
hole,221.0,1.9628,5.28,1.53,18.0,2.95,2.54,20.0,2.538461538,4.65,0.0,4.81,0.4,0.0,27.0,2969.0
holiday,297.0,1.9333,7.18,1.18,22.0,4.93,2.91,43.0,0.7,4.57,0.0,2.86,1.33,0.0,28.0,1086.0
home,217.0,2.1983,7.48,1.7,46.0,3.78,2.37,23.0,2.0,5.77,0.0,4.11,1.25,0.0,27.0,39491.0
honest,357.0,1.556,8.16,1.12,19.0,4.0,2.68,39.0,0.214285714,4.71,0.0,1.66,1.08,0.0,29.0,3689.0
hoot,392.0,0.4955,6.0,1.67,19.0,4.91,2.52,22.0,3.428571429,2.97,0.0,3.88,1.31,0.0,26.0,133.0
hope,357.0,1.9049,7.48,1.69,21.0,5.29,2.8,41.0,1.125,5.44,0.0,1.25,0.59,0.0,28.0,16352.0
horse,208.0,2.1223,6.05,1.86,42.0,4.16,2.67,44.0,-0.363636364,4.81,0.0,5.0,0.0,0.0,26.0,4737.0
hot,172.0,2.1618,5.73,1.83,22.0,4.76,2.66,21.0,2.0,5.13,0.0,4.31,1.0,0.0,29.0,9682.0
hour,273.0,2.5763,5.05,1.62,22.0,3.38,2.06,21.0,-0.071428571,5.18,0.0,3.1,1.42,0.0,30.0,8277.0
house,189.0,2.7831,7.19,1.4,43.0,3.95,2.65,42.0,0.454545455,5.68,0.0,5.0,0.0,0.0,31.0,26214.0
howl,324.0,0.9951,5.29,2.22,24.0,5.6,2.14,20.0,4.0,3.13,0.0,3.83,1.66,1.0,25.0,105.0
hug,245.0,1.0546,8.23,0.87,22.0,4.85,2.95,47.0,2.0,4.09,0.0,4.14,1.21,0.0,28.0,986.0
huge,325.0,2.0338,5.72,1.6,18.0,4.24,2.84,21.0,2.538461538,5.01,0.0,3.54,1.35,0.0,28.0,2467.0
hunt,366.0,1.4581,3.84,2.01,19.0,5.1,2.57,20.0,0.357142857,4.47,0.0,3.81,1.27,0.0,27.0,1319.0
hurl,441.0,1.0973,3.32,1.97,19.0,4.43,2.41,23.0,2.181818182,2.9,0.0,4.1,0.98,1.0,30.0,69.0
hurry,299.0,1.6021,4.32,1.21,22.0,5.62,2.67,21.0,0.75,4.2,0.0,2.63,1.38,0.0,30.0,8856.0
hurt,251.0,0.2385,2.45,1.47,42.0,4.72,2.34,47.0,0.9,4.94,0.0,3.61,1.5,0.0,28.0,12564.0
husband,328.0,2.1884,7.41,1.74,22.0,4.38,2.89,21.0,0.0,5.0,0.0,4.11,1.22,1.0,28.0,9935.0
hyena,513.0,0.616,4.64,2.11,22.0,4.63,2.01,19.0,-0.6,2.8,0.0,4.57,1.03,0.0,28.0,72.0
ice,253.0,1.7221,6.06,2.07,18.0,3.3,2.3,20.0,0.642857143,4.96,0.0,4.89,0.32,1.0,28.0,4057.0
iguana,595.0,0.0899,5.23,2.14,22.0,4.33,2.82,21.0,0.4,2.74,0.0,4.83,0.76,0.0,29.0,40.0
inch,308.0,1.7802,5.4,0.75,20.0,3.29,1.97,24.0,1.833333333,4.41,0.0,4.37,1.15,0.0,27.0,631.0
increase,407.0,2.3641,5.9,1.89,20.0,5.06,2.41,18.0,1.071428571,5.1,0.0,2.61,1.57,0.0,28.0,436.0
inform,458.0,1.5641,5.18,1.29,17.0,3.33,1.62,21.0,0.461538462,4.12,0.0,2.25,1.4,0.0,28.0,644.0
injure,385.0,1.0026,3.74,1.41,19.0,5.9,2.43,21.0,-0.3,3.32,0.0,3.48,1.41,0.0,23.0,51.0
insult,452.0,1.1381,2.62,1.33,40.0,5.3,2.72,44.0,0.833333333,4.0,0.0,2.79,1.29,0.0,28.0,639.0
intent,553.0,0.9671,5.86,1.39,22.0,4.32,2.36,19.0,-0.5,4.3,0.0,1.52,0.91,0.0,29.0,286.0
invent,420.0,1.5209,6.64,1.71,22.0,6.16,2.57,19.0,-0.2666666669999999,3.64,0.0,2.66,1.2,2.0,31.0,235.0
invite,394.0,0.2923,5.68,1.89,22.0,5.1,2.4,20.0,0.230769231,4.3,0.0,3.0,1.28,0.0,28.0,1509.0
jaguar,493.0,0.7016,5.63,2.19,19.0,5.55,2.21,20.0,1.916666667,3.44,0.0,4.9,0.56,0.0,29.0,121.0
jealousy,448.0,1.1621,2.58,1.37,106.0,5.45,2.47,84.0,1.3,3.8,0.0,1.8,1.12,0.0,25.0,293.0
job,327.0,2.5228,5.64,1.81,22.0,4.0,2.34,20.0,0.307692308,5.5,0.0,3.19,1.62,0.0,27.0,21063.0
jog,551.0,0.661,5.81,1.36,21.0,3.43,1.95,23.0,0.454545455,3.28,0.0,3.63,1.43,0.0,30.0,123.0
join,359.0,2.1611,5.83,2.07,18.0,3.9,2.7,21.0,0.0,4.98,0.0,2.86,1.41,0.0,29.0,4255.0
joke,364.0,1.0525,7.88,1.44,869.0,5.73,2.37,22.0,0.545454545,4.66,0.0,2.9,1.52,0.0,29.0,3724.0
juggler,422.0,-0.2529,6.3,2.05,20.0,4.05,2.56,20.0,2.6,2.57,0.0,4.5,0.95,1.0,27.0,24.0
khaki,469.0,0.0043,5.05,1.32,20.0,2.64,2.01,22.0,-0.833333333,3.06,0.0,4.19,1.1,0.0,26.0,42.0
kick,243.0,1.6239,4.55,2.19,20.0,5.1,2.42,42.0,1.95,4.7,0.0,4.33,0.98,4.0,6064.0,3744.0
kid,297.0,1.8967,7.23,2.35,22.0,4.71,2.67,21.0,1.454545455,4.95,0.0,4.56,1.01,0.0,27.0,17299.0
kill,329.0,2.3219,1.81,1.6,21.0,6.81,2.54,21.0,1.692307692,5.09,0.0,3.9,1.37,0.0,29.0,23081.0
kind,267.0,1.3382,7.78,1.12,40.0,3.19,2.02,21.0,-0.357142857,5.47,0.0,2.07,1.3,0.0,28.0,30125.0
king,264.0,1.9985,6.0,2.34,23.0,4.45,2.68,47.0,0.75,5.21,0.0,4.1,1.42,0.0,30.0,6592.0
kingdom,342.0,1.5023,6.74,2.13,19.0,4.2,2.42,20.0,1.923076923,4.63,0.0,3.76,1.3,0.0,29.0,787.0
kitchen,234.0,2.0469,6.17,1.98,18.0,3.52,2.62,21.0,-0.058823529,4.6,0.0,4.97,0.19,0.0,29.0,2974.0
kitten,213.0,0.8475,7.58,1.72,868.0,3.19,2.66,21.0,0.1,3.65,0.0,4.86,0.76,0.0,28.0,241.0
knock,290.0,0.8837,5.44,1.54,18.0,3.95,2.24,20.0,3.0625,4.33,0.0,4.24,1.02,0.0,29.0,3299.0
know,275.0,3.3271,6.82,1.44,22.0,3.24,2.02,21.0,0.7692307690000001,6.11,0.0,1.68,0.98,0.0,28.0,291780.0
koala,486.0,-0.3468,6.65,1.42,20.0,3.73,1.75,22.0,0.5,3.02,0.0,4.77,0.68,0.0,30.0,31.0
land,323.0,2.4125,6.61,1.82,18.0,3.05,2.16,21.0,-0.8,5.27,0.0,4.57,0.69,0.0,28.0,4494.0
landscape,568.0,0.3269,7.0,1.58,21.0,3.75,2.94,20.0,1.2,4.37,0.0,4.34,1.11,0.0,29.0,127.0
large,284.0,2.6411,5.77,1.9,22.0,5.35,2.41,20.0,1.5384615380000002,5.42,0.0,3.37,1.4,0.0,30.0,2114.0
lark,390.0,0.586,5.19,1.36,21.0,3.52,2.11,23.0,-0.9,3.1,0.0,4.28,1.31,1.0,30.0,83.0
laugh,230.0,1.4032,7.56,2.64,18.0,6.62,1.91,21.0,0.75,4.68,0.0,4.21,1.1,0.0,28.0,3206.0
leap,352.0,1.4867,4.8,1.54,20.0,4.0,2.49,23.0,1.818181818,3.98,0.0,3.86,1.24,0.0,28.0,340.0
lecture,533.0,1.0327,4.0,2.21,21.0,3.16,2.36,19.0,0.7,4.16,0.0,3.79,1.17,0.0,28.0,534.0
leg,165.0,2.2441,6.22,1.63,18.0,2.75,2.29,20.0,0.3157894739999999,4.67,0.0,4.83,0.59,0.0,30.0,2882.0
leopard,421.0,0.9261,6.43,1.8,21.0,6.26,2.13,19.0,0.4,3.59,0.0,5.0,0.0,0.0,30.0,276.0
lie,286.0,1.2986,2.39,1.43,41.0,4.81,2.8,21.0,-0.636363636,4.82,0.0,3.11,1.42,0.0,27.0,6133.0
life,335.0,2.9214,6.68,2.49,41.0,5.59,2.58,22.0,0.333333333,5.91,0.0,2.69,1.44,0.0,29.0,40629.0
lift,277.0,1.9453,5.32,1.76,22.0,4.9,2.81,20.0,0.571428571,4.48,0.0,3.89,1.4,0.0,28.0,1741.0
light,295.0,1.7303,6.55,1.82,22.0,3.52,2.58,21.0,0.9,5.33,0.0,4.21,1.15,0.0,29.0,8425.0
like,249.0,-1.5539,7.44,1.46,18.0,4.4,2.5,20.0,-0.333333333,6.4,0.0,1.89,0.99,0.0,28.0,203947.0
liquid,368.0,1.0568,5.35,1.7,23.0,3.67,2.63,21.0,1.5,4.37,0.0,4.72,0.54,0.0,25.0,395.0
listen,266.0,2.2489,6.91,1.31,22.0,3.76,1.89,21.0,0.75,5.01,0.0,3.47,1.38,0.0,30.0,27784.0
little,220.0,2.6514,5.91,1.66,22.0,4.2,1.96,20.0,1.15,5.78,0.0,3.67,1.32,0.0,30.0,73766.0
live,297.0,2.7189,7.95,1.17,22.0,4.71,2.57,21.0,0.4166666670000001,5.55,0.0,3.57,1.22,0.0,30.0,17574.0
lizard,421.0,0.6448,5.43,2.2,21.0,5.5,2.82,20.0,1.666666667,3.58,0.0,4.68,0.86,0.0,28.0,247.0
loan,502.0,1.5423,4.19,2.56,21.0,3.3,2.03,20.0,0.0,4.6,0.0,3.72,1.36,0.0,29.0,1013.0
look,238.0,3.1303,5.95,1.68,22.0,3.76,2.64,21.0,1.818181818,5.79,0.0,2.96,1.53,1.0,29.0,99311.0
lose,286.0,2.5315,3.59,2.09,22.0,5.43,2.69,21.0,-0.307692308,5.09,0.0,2.25,1.35,0.0,28.0,8382.0
love,251.0,2.3548,8.0,1.39,37.0,5.36,3.23,47.0,1.125,5.8,0.0,2.07,1.19,0.0,29.0,56864.0
low,290.0,2.2596,4.39,1.72,18.0,2.21,1.9,19.0,2.916666667,5.31,0.0,3.34,1.47,0.0,29.0,3016.0
machine,361.0,2.09,5.0,1.24,23.0,4.39,2.18,44.0,0.666666667,4.91,0.0,4.25,1.14,0.0,28.0,3583.0
magic,308.0,1.3223,7.17,1.89,18.0,6.05,2.64,21.0,1.266666667,4.73,0.0,2.9,1.49,0.0,30.0,2687.0
main,383.0,2.2861,5.27,1.16,22.0,4.1,2.4,20.0,0.692307692,5.24,0.0,2.41,1.31,0.0,27.0,2179.0
make,273.0,3.3688,6.09,1.6,22.0,3.67,2.33,21.0,0.642857143,6.06,0.0,2.67,1.6,0.0,30.0,70775.0
malice,566.0,0.8475,2.81,1.56,43.0,4.81,2.52,21.0,0.2,3.26,0.0,1.72,0.79,0.0,25.0,60.0
man,176.0,3.213,5.42,1.22,19.0,4.36,2.49,47.0,0.647058824,5.84,0.0,4.79,0.5,0.0,28.0,94133.0
manage,426.0,2.1068,4.71,1.23,21.0,3.52,1.83,23.0,-0.125,4.56,0.0,2.0,1.08,0.0,30.0,1095.0
mash,331.0,0.6662,4.81,2.02,21.0,3.85,2.89,20.0,3.0,3.48,0.0,3.78,1.4,0.0,27.0,224.0
mass,487.0,2.0427,5.15,1.35,20.0,3.56,2.18,25.0,0.384615385,4.89,0.0,3.44,1.6,1.0,28.0,880.0
matter,404.0,2.4461,5.82,1.37,22.0,4.05,2.18,21.0,-0.5,5.39,0.0,3.54,1.45,0.0,28.0,18900.0
measure,411.0,1.8638,5.14,1.56,21.0,4.36,1.93,25.0,0.545454545,4.73,0.0,3.59,1.18,0.0,29.0,537.0
meet,305.0,2.3685,6.09,1.54,22.0,3.71,2.12,21.0,-0.615384615,5.24,0.0,3.0,1.39,0.0,28.0,17966.0
melt,303.0,1.3866,5.95,1.8,21.0,3.0,2.4,24.0,0.615384615,3.92,0.0,3.96,1.07,0.0,28.0,373.0
microwave,635.0,-1.5539,5.25,1.59,20.0,4.0,2.47,19.0,-1.6,3.74,0.0,4.34,1.2,0.0,29.0,199.0
mind,336.0,2.5259,6.7,1.6,43.0,5.05,2.26,39.0,0.7142857140000001,5.46,0.0,2.5,1.39,0.0,26.0,24715.0
minute,271.0,2.4524,5.5,1.47,22.0,3.76,2.64,21.0,1.071428571,4.94,0.0,3.04,1.65,0.0,27.0,19252.0
moan,372.0,1.1219,4.05,1.93,20.0,5.52,2.75,21.0,3.714285714,3.3,0.0,3.72,1.31,0.0,25.0,96.0
monkey,269.0,1.2577,5.82,2.13,22.0,5.15,2.5,20.0,0.285714286,4.12,0.0,4.9,0.31,0.0,30.0,1709.0
moose,497.0,-0.1067,6.71,1.45,21.0,4.85,2.35,20.0,0.3,3.56,0.0,4.97,0.19,0.0,29.0,282.0
mop,331.0,0.7557,4.53,1.12,19.0,3.14,1.77,21.0,1.8125,3.34,0.0,4.97,0.18,0.0,30.0,211.0
morning,213.0,2.4952,6.41,1.92,22.0,3.95,2.33,21.0,-1.8,5.35,0.0,3.44,1.5,0.0,27.0,22389.0
motion,419.0,1.5996,5.8,1.47,20.0,4.71,2.31,21.0,0.8666666670000001,4.65,0.0,3.8,1.24,0.0,30.0,967.0
move,282.0,2.631,4.95,1.86,21.0,4.24,2.45,21.0,0.3,5.35,0.0,3.25,1.43,1.0,29.0,21325.0
mug,568.0,0.0694,4.16,1.77,19.0,3.83,2.52,23.0,0.0,3.65,0.0,4.8,0.76,0.0,30.0,349.0
murder,426.0,1.3955,1.48,0.81,21.0,6.24,2.76,21.0,0.071428571,4.85,0.0,3.61,1.55,0.0,28.0,5717.0
museum,426.0,1.5587,6.67,1.59,21.0,3.74,2.58,23.0,0.4,4.7,0.0,4.6,0.91,0.0,25.0,942.0
must,273.0,2.9652,5.45,1.44,22.0,4.1,2.47,21.0,1.5,5.75,0.0,2.13,1.31,0.0,30.0,35661.0
mustard,331.0,0.6714,4.74,1.41,19.0,3.39,2.0,18.0,-0.6,3.66,0.0,4.93,0.25,0.0,30.0,329.0
myth,482.0,1.4487,6.11,2.02,19.0,4.0,2.53,22.0,-0.076923077,4.16,0.0,2.17,1.36,0.0,29.0,352.0
name,245.0,2.5262,5.62,1.56,21.0,3.04,2.12,23.0,0.071428571,5.63,0.0,3.5,1.29,1.0,25.0,32735.0
narrow,426.0,1.1753,4.95,1.0,20.0,4.53,2.57,19.0,0.285714286,4.41,0.0,3.04,1.4,0.0,27.0,358.0
new,239.0,3.0295,7.68,1.29,22.0,5.14,2.82,21.0,-0.285714286,6.27,0.0,2.81,1.62,0.0,27.0,36913.0
nice,232.0,2.1782,6.95,2.04,40.0,3.53,2.44,43.0,0.8125,5.38,0.0,2.18,1.31,0.0,28.0,33125.0
noise,217.0,1.8889,3.36,2.28,22.0,5.75,2.59,20.0,0.909090909,4.56,0.0,3.52,1.4,0.0,27.0,1779.0
note,325.0,2.0637,5.78,1.73,18.0,3.33,2.06,21.0,0.0,5.06,0.0,4.61,0.88,1.0,29.0,2731.0
nurse,303.0,1.6916,5.41,2.25,41.0,4.64,2.82,22.0,1.0,4.42,0.0,4.39,0.96,0.0,28.0,2294.0
object,398.0,2.0164,5.52,1.47,21.0,4.08,2.24,24.0,-0.166666667,4.69,0.0,3.66,1.54,0.0,29.0,1314.0
odd,316.0,1.7913,4.56,1.23,41.0,4.26,2.14,43.0,1.0,4.43,0.0,1.7,1.1,0.0,27.0,1226.0
offer,389.0,2.3121,5.67,2.03,18.0,3.5,2.26,20.0,0.076923077,5.06,0.0,2.23,1.07,0.0,30.0,3810.0
old,260.0,2.9312,3.19,1.94,21.0,4.48,2.66,21.0,1.266666667,5.74,0.0,2.72,1.31,0.0,29.0,31056.0
one,193.0,2.6177,6.09,2.07,22.0,2.67,2.01,21.0,1.846153846,6.49,0.0,3.97,1.45,0.0,30.0,156684.0
opening,409.0,1.3557,5.95,1.47,21.0,4.6,2.64,20.0,0.7692307690000001,4.9,0.0,3.79,1.29,0.0,29.0,1960.0
order,372.0,2.4616,5.82,0.96,22.0,3.19,1.99,21.0,1.142857143,5.51,0.0,2.79,1.47,0.0,29.0,7985.0
ostrich,427.0,0.4284,5.16,1.68,19.0,3.87,2.47,23.0,0.4,3.09,0.0,4.71,0.94,0.0,28.0,48.0
other,325.0,3.2154,5.41,1.59,22.0,3.48,2.27,21.0,-0.083333333,6.18,0.0,2.04,1.22,0.0,27.0,37505.0
ought,404.0,2.0131,5.0,1.88,18.0,3.0,2.49,20.0,-0.230769231,4.41,0.0,1.43,0.92,1.0,29.0,4118.0
owner,359.0,1.785,6.38,1.53,21.0,4.71,2.1,24.0,1.0,4.76,0.0,3.78,1.15,0.0,27.0,1185.0
pain,266.0,1.9247,2.0,1.28,40.0,6.27,2.59,22.0,0.230769231,5.04,0.0,3.5,1.58,0.0,28.0,4995.0
paint,238.0,1.8561,5.74,1.33,19.0,4.5,1.96,20.0,1.727272727,4.48,0.0,4.79,0.41,0.0,29.0,1877.0
panda,452.0,0.0899,7.55,1.32,20.0,4.05,2.61,19.0,-0.9,3.61,0.0,4.75,0.93,0.0,28.0,108.0
panther,480.0,0.9201,6.1,2.43,21.0,5.45,2.14,20.0,1.0,3.46,0.0,4.93,0.26,0.0,29.0,131.0
paper,225.0,2.3534,5.42,1.62,40.0,3.52,2.58,48.0,0.4166666670000001,5.07,0.0,4.93,0.38,0.0,27.0,5271.0
park,251.0,1.8527,7.0,1.61,18.0,2.7,2.08,20.0,0.384615385,5.1,0.0,4.74,0.81,0.0,27.0,3678.0
parrot,337.0,0.5988,6.79,1.36,19.0,4.65,2.41,20.0,1.090909091,3.5,0.0,5.0,0.0,0.0,26.0,167.0
party,250.0,2.654,7.18,1.97,82.0,6.08,2.8,106.0,1.923076923,5.5,0.0,3.89,1.34,0.0,28.0,11890.0
past,339.0,2.0192,5.09,1.9,22.0,4.71,2.37,21.0,1.214285714,5.36,0.0,1.7,1.1,0.0,27.0,6312.0
peace,381.0,1.9502,7.75,1.5,40.0,4.65,2.77,23.0,1.2,5.04,0.0,1.62,1.35,0.0,29.0,3550.0
pearl,374.0,1.0589,6.05,1.68,19.0,3.5,2.07,18.0,1.181818182,4.06,0.0,4.87,0.34,1.0,24.0,799.0
penguin,392.0,0.7014,6.65,1.27,20.0,4.0,2.52,24.0,-1.583333333,3.86,0.0,5.0,0.0,0.0,27.0,147.0
people,290.0,3.1711,5.7,2.01,81.0,3.77,2.34,82.0,0.6,6.25,0.0,4.82,0.48,0.0,28.0,56252.0
permit,443.0,1.6353,5.26,1.37,19.0,3.76,2.39,21.0,0.692307692,4.3,0.0,3.43,1.55,0.0,28.0,617.0
person,322.0,2.4197,6.1,1.62,41.0,3.71,2.08,38.0,-0.2,5.57,0.0,4.72,1.03,0.0,29.0,10857.0
pick,273.0,2.2768,5.91,1.41,22.0,3.62,2.25,21.0,2.076923077,5.05,0.0,3.82,1.42,0.0,28.0,10118.0
picture,232.0,2.2403,6.73,1.67,22.0,3.29,1.82,21.0,-0.071428571,5.19,0.0,4.52,1.01,0.0,27.0,7061.0
piece,264.0,2.2354,5.23,1.8,22.0,3.57,1.99,21.0,0.8,5.01,0.0,4.14,1.24,1.0,29.0,6349.0
pink,277.0,1.2385,6.68,1.89,22.0,4.35,2.98,20.0,-0.153846154,4.46,0.0,3.93,1.33,0.0,28.0,1452.0
plan,413.0,2.1302,6.14,1.46,22.0,3.86,2.26,21.0,-0.076923077,5.27,0.0,3.4,1.4,0.0,30.0,7432.0
plane,522.0,0.0482,5.72,1.85,40.0,4.91,2.18,22.0,-0.461538462,4.75,0.0,4.92,0.4,0.0,25.0,4872.0
plant,293.0,2.0834,7.05,1.32,20.0,3.94,2.41,18.0,-0.2,4.89,0.0,4.76,0.83,0.0,29.0,1408.0
play,195.0,2.1383,7.55,1.34,22.0,3.81,2.56,21.0,1.083333333,5.58,0.0,3.24,1.3,0.0,25.0,18081.0
police,292.0,2.3146,4.59,2.4,22.0,5.95,2.46,21.0,0.058823529,5.3,0.0,4.79,0.49,0.0,29.0,12044.0
polish,305.0,1.3223,6.0,1.89,19.0,3.36,2.38,22.0,0.333333333,4.28,0.0,4.23,1.21,0.0,26.0,493.0
pony,267.0,1.1554,6.71,1.59,21.0,4.29,2.93,24.0,-0.071428571,3.81,0.0,4.9,0.4,0.0,31.0,413.0
poor,284.0,2.3184,3.67,1.53,21.0,4.67,2.33,21.0,-1.2,5.15,0.0,2.7,1.71,0.0,27.0,6583.0
portray,560.0,0.943,5.35,1.81,20.0,3.09,1.86,23.0,0.5,3.63,0.0,2.18,1.33,0.0,28.0,43.0
pound,340.0,2.4184,4.62,2.06,21.0,4.26,2.4,19.0,0.25,4.3,0.0,4.61,0.69,0.0,28.0,708.0
pour,269.0,1.8973,5.16,1.07,19.0,3.28,1.9,18.0,1.3,4.17,0.0,4.14,0.97,0.0,28.0,771.0
prefer,435.0,1.915,5.62,2.16,21.0,4.65,2.6,20.0,0.166666667,4.56,0.0,1.62,0.8,0.0,26.0,1679.0
premier,590.0,0.5328,5.37,1.71,19.0,4.62,2.5,21.0,1.142857143,4.51,0.0,2.07,1.24,0.0,27.0,127.0
prepare,411.0,1.9004,5.32,1.91,22.0,4.15,2.46,20.0,0.384615385,4.54,0.0,2.36,1.19,0.0,28.0,1711.0
present,308.0,2.1763,6.85,1.5,39.0,4.82,2.92,22.0,0.307692308,5.22,0.0,3.39,1.59,0.0,28.0,4562.0
pretty,273.0,1.8755,7.7,1.45,20.0,5.5,2.33,20.0,2.0,5.36,0.0,2.4,1.43,0.0,30.0,20003.0
prince,305.0,1.5898,5.44,2.2,18.0,5.15,3.28,20.0,1.307692308,4.75,0.0,4.44,1.08,0.0,25.0,2299.0
prison,385.0,1.9058,1.94,1.55,18.0,5.1,2.34,21.0,0.8666666670000001,4.81,0.0,4.68,0.67,0.0,28.0,3368.0
produce,454.0,2.3903,6.57,2.09,21.0,3.23,1.93,22.0,0.071428571,4.84,0.0,3.31,1.26,0.0,29.0,564.0
promote,534.0,1.5151,6.55,1.67,20.0,4.7,2.36,20.0,0.142857143,4.53,0.0,2.26,1.32,0.0,27.0,225.0
prune,495.0,0.4004,4.61,1.59,23.0,3.14,1.8,21.0,2.0,2.88,0.0,4.7,0.61,0.0,27.0,75.0
public,441.0,2.4094,5.33,1.78,18.0,3.35,2.91,20.0,-0.2,5.58,0.0,2.57,1.32,0.0,28.0,3625.0
pump,383.0,1.2413,4.0,1.3,20.0,4.0,2.17,21.0,2.363636364,4.21,0.0,4.31,1.01,0.0,26.0,645.0
pumpkin,413.0,0.3263,7.0,1.38,21.0,3.43,1.96,21.0,-0.583333333,3.69,0.0,4.9,0.31,0.0,29.0,553.0
punch,301.0,1.0167,3.27,2.07,22.0,5.8,2.82,20.0,2.076923077,4.31,0.0,4.39,0.79,0.0,28.0,1514.0
purple,338.0,0.7559,5.6,1.5,20.0,4.05,2.61,22.0,1.181818182,4.3,0.0,4.04,1.43,0.0,28.0,629.0
push,247.0,1.0955,5.39,1.85,18.0,4.4,2.78,20.0,2.333333333,4.78,0.0,4.21,1.21,0.0,29.0,3598.0
put,256.0,2.9063,5.09,1.23,22.0,3.86,2.03,21.0,1.230769231,5.67,0.0,2.5,1.61,0.0,26.0,42251.0
quarrel,351.0,1.1292,2.84,1.21,19.0,5.39,2.75,44.0,-0.083333333,3.37,0.0,3.32,1.39,0.0,28.0,286.0
quick,269.0,1.8157,6.08,1.53,38.0,5.16,2.47,43.0,3.333333333,4.93,0.0,2.89,1.29,0.0,28.0,5542.0
quiet,221.0,-1.5539,6.47,1.58,19.0,1.95,1.58,41.0,1.0,4.63,0.0,2.76,1.5,0.0,29.0,5978.0
race,279.0,1.3371,5.44,1.82,18.0,5.2,2.61,20.0,-0.083333333,5.08,0.0,3.59,1.12,0.0,29.0,3157.0
ramble,473.0,0.2648,4.32,2.0,19.0,5.0,2.41,23.0,2.166666667,2.79,0.0,2.54,1.32,0.0,28.0,31.0
rat,279.0,1.3856,3.21,2.02,42.0,5.9,2.43,20.0,1.636363636,4.15,0.0,4.85,0.6,0.0,27.0,1663.0
rattle,195.0,0.4795,4.47,1.41,40.0,4.48,2.52,44.0,3.272727273,3.33,0.0,4.07,1.33,0.0,29.0,172.0
real,310.0,2.4758,7.09,1.63,22.0,4.05,2.38,21.0,0.923076923,5.6,0.0,2.5,1.62,0.0,28.0,22583.0
red,213.0,1.2455,5.67,2.07,42.0,5.02,2.56,43.0,1.833333333,5.3,0.0,4.24,1.36,0.0,25.0,7551.0
redeem,546.0,0.7059,5.95,1.65,19.0,4.2,2.46,20.0,0.214285714,3.48,0.0,2.24,1.12,0.0,29.0,83.0
reduce,463.0,2.0749,5.1,1.59,20.0,3.67,1.83,21.0,0.181818182,4.72,0.0,2.0,1.02,0.0,26.0,219.0
reflect,523.0,1.892,6.1,1.67,21.0,3.35,1.94,23.0,0.6,4.4,0.0,2.81,1.47,0.0,27.0,213.0
rent,420.0,1.4632,4.41,1.97,22.0,4.25,2.75,20.0,-0.083333333,4.47,0.0,3.48,1.34,0.0,27.0,1762.0
resist,501.0,1.6157,3.95,1.43,21.0,3.6,2.42,25.0,0.7692307690000001,4.17,0.0,2.78,1.28,1.0,28.0,657.0
rhinoceros,424.0,0.2243,6.0,1.85,22.0,4.47,2.27,19.0,1.25,2.86,0.0,4.75,0.85,1.0,25.0,38.0
ride,243.0,1.7553,6.27,1.45,22.0,5.1,2.57,21.0,1.166666667,4.8,0.0,3.75,1.35,0.0,28.0,6904.0
right,256.0,2.4966,7.32,1.49,22.0,5.0,2.6,20.0,0.916666667,5.96,0.0,3.47,1.76,0.0,30.0,204428.0
ring,331.0,1.958,7.09,1.48,22.0,4.43,2.66,21.0,3.153846154,4.78,0.0,4.81,0.62,0.0,27.0,4730.0
rise,344.0,2.2895,5.73,1.52,22.0,5.3,2.75,20.0,1.5,4.85,0.0,4.04,1.22,0.0,27.0,1399.0
river,254.0,2.1066,6.72,1.72,40.0,4.22,2.86,45.0,1.0,4.99,0.0,4.89,0.32,0.0,27.0,2829.0
roast,351.0,0.9646,5.74,1.37,19.0,4.05,2.4,21.0,0.7142857140000001,3.81,0.0,4.4,0.97,0.0,30.0,499.0
rob,346.0,1.1654,2.1,1.21,20.0,5.54,2.86,24.0,0.0,4.35,0.0,3.48,1.31,1.0,28.0,1188.0
roof,519.0,0.1451,4.48,1.72,21.0,3.4,2.33,20.0,-0.25,4.51,0.0,4.79,0.5,0.0,28.0,1818.0
roost,443.0,-0.0757,5.16,1.42,19.0,3.82,2.22,22.0,0.2,2.95,0.0,3.29,1.61,0.0,28.0,45.0
rose,301.0,1.3281,7.11,2.0,18.0,2.8,1.99,20.0,0.545454545,4.85,0.0,4.9,0.41,0.0,29.0,2704.0
rot,387.0,1.0674,2.65,1.79,20.0,4.72,2.42,18.0,1.230769231,3.64,0.0,3.96,1.35,0.0,28.0,394.0
rotten,374.0,1.0817,2.43,1.5,23.0,4.9,2.24,40.0,2.142857143,3.78,0.0,3.87,1.48,0.0,30.0,891.0
round,267.0,2.2002,5.89,1.75,18.0,2.5,2.24,20.0,2.785714286,5.14,0.0,3.9,1.4,0.0,29.0,3393.0
rush,412.0,1.1849,4.05,2.09,21.0,6.55,2.46,20.0,1.857142857,4.47,0.0,2.9,1.35,0.0,30.0,1602.0
sad,258.0,1.6882,2.1,0.91,20.0,3.49,2.21,919.0,1.769230769,4.83,0.0,3.07,1.58,0.0,29.0,3232.0
sail,317.0,1.3022,6.84,1.5,19.0,3.74,2.65,23.0,1.545454545,4.0,0.0,4.59,0.69,0.0,27.0,701.0
salmon,398.0,1.0896,6.48,1.69,21.0,3.87,2.32,23.0,-0.454545455,4.0,0.0,4.81,0.63,0.0,26.0,334.0
sandwich,260.0,1.012,7.18,1.33,22.0,4.94,2.62,18.0,-0.133333333,4.11,0.0,4.9,0.31,0.0,29.0,1118.0
satisfy,432.0,1.754,7.09,1.6,22.0,5.53,2.67,19.0,0.4166666670000001,4.02,0.0,2.04,1.09,0.0,27.0,286.0
saw,336.0,0.5395,4.16,1.95,19.0,4.18,2.3,22.0,1.733333333,5.36,0.0,4.46,1.0,0.0,28.0,20527.0
say,264.0,3.631,5.91,1.66,22.0,4.43,2.48,21.0,0.8,5.91,0.0,2.58,1.27,0.0,26.0,83629.0
scramble,402.0,1.167,5.21,1.36,19.0,4.85,2.62,20.0,2.3,3.39,0.0,3.31,1.29,0.0,26.0,123.0
scream,288.0,1.6857,3.02,1.62,40.0,6.74,1.66,23.0,2.5,4.1,0.0,4.32,1.12,0.0,28.0,1347.0
screwdriver,342.0,0.503,5.76,1.79,21.0,3.8,2.08,25.0,1.727272727,3.07,0.0,4.9,0.31,0.0,29.0,128.0
scurry,536.0,0.6866,2.95,1.39,19.0,4.59,2.06,22.0,2.923076923,2.55,0.0,3.67,1.24,4.0,28.0,40.0
sea,221.0,2.2388,6.56,2.09,18.0,2.8,2.33,20.0,-1.4615384619999998,5.09,0.0,4.79,0.49,0.0,29.0,3052.0
seal,376.0,1.1537,5.0,1.3,21.0,2.5,2.11,24.0,-0.454545455,4.28,0.0,4.63,0.74,0.0,27.0,752.0
second,329.0,1.9817,5.23,1.57,22.0,3.48,1.91,21.0,0.230769231,5.65,0.0,3.3,1.61,0.0,27.0,14513.0
see,239.0,3.3149,6.27,1.61,22.0,3.9,2.28,21.0,1.272727273,6.12,0.0,3.21,1.57,0.0,29.0,130393.0
sew,282.0,1.0503,5.67,1.49,21.0,4.35,2.21,23.0,-0.125,3.33,0.0,3.93,1.41,0.0,28.0,280.0
shake,284.0,2.1199,4.59,1.82,22.0,5.2,2.71,20.0,2.615384615,4.34,0.0,4.07,1.12,0.0,28.0,2021.0
shall,288.0,2.3618,5.86,1.42,22.0,3.52,1.94,21.0,-0.571428571,5.16,0.0,2.33,1.39,2.0,29.0,9441.0
shame,366.0,1.3694,2.62,2.11,21.0,5.4,2.64,20.0,1.8,4.52,0.0,2.24,1.46,0.0,29.0,2120.0
shape,297.0,1.9007,5.41,1.87,22.0,3.6,2.06,20.0,0.8,4.73,0.0,3.14,1.51,0.0,28.0,1542.0
share,299.0,1.8157,6.22,2.46,18.0,3.2,2.21,20.0,-0.444444444,5.15,0.0,2.96,1.32,0.0,28.0,3545.0
sheep,208.0,1.6033,5.32,1.89,19.0,2.95,2.26,20.0,1.0,4.22,0.0,4.9,0.41,0.0,29.0,685.0
shock,413.0,1.4969,3.9,2.05,21.0,5.95,2.86,20.0,2.25,4.47,0.0,4.0,1.07,0.0,29.0,1468.0
short,295.0,2.305,5.67,1.41,18.0,2.62,2.01,21.0,2.428571429,5.33,0.0,3.61,1.41,0.0,23.0,4367.0
shot,340.0,1.873,2.82,1.71,22.0,6.48,2.38,21.0,2.909090909,5.18,0.0,4.44,0.89,0.0,27.0,11599.0
show,277.0,2.6712,5.91,1.27,22.0,4.1,2.41,21.0,0.846153846,5.67,0.0,3.97,0.93,0.0,30.0,24906.0
shower,484.0,0.7471,7.19,1.57,21.0,4.15,2.72,20.0,0.941176471,4.4,0.0,4.89,0.42,0.0,27.0,2097.0
shriek,374.0,1.0652,3.45,1.8,38.0,5.37,2.82,41.0,3.5,2.7,0.0,3.97,1.33,0.0,30.0,32.0
shuffle,394.0,1.0715,4.72,1.02,18.0,3.45,2.28,20.0,3.2,3.49,0.0,3.83,1.31,0.0,24.0,150.0
sight,331.0,2.0067,7.11,1.41,18.0,3.2,2.89,20.0,0.181818182,4.54,0.0,3.21,1.23,0.0,28.0,2311.0
sing,221.0,1.8954,7.5,1.37,22.0,4.1,2.49,21.0,1.7,4.54,0.0,4.34,1.17,0.0,29.0,4977.0
sink,236.0,1.1638,4.62,1.63,21.0,3.7,2.18,23.0,0.5,4.16,0.0,4.74,0.86,0.0,27.0,863.0
sister,208.0,2.0566,7.0,1.77,22.0,3.86,2.06,21.0,0.533333333,4.95,0.0,4.0,1.36,0.0,27.0,9207.0
site,445.0,1.8967,5.22,1.48,18.0,3.55,1.63,22.0,-0.8,5.26,0.0,4.56,0.89,0.0,27.0,980.0
skate,357.0,0.4284,6.74,1.66,19.0,4.48,2.5,23.0,1.416666667,3.72,0.0,4.56,0.87,0.0,25.0,301.0
skip,288.0,0.9727,4.76,1.58,21.0,4.25,1.96,24.0,2.090909091,4.15,0.0,4.07,1.25,0.0,28.0,1076.0
skunk,501.0,-0.6508,3.78,1.96,18.0,5.81,2.23,21.0,1.6,3.1,0.0,4.88,0.43,0.0,26.0,166.0
sky,219.0,1.9241,7.32,1.7,19.0,2.74,1.91,23.0,0.0,4.73,0.0,4.45,1.12,0.0,29.0,2285.0
slave,417.0,1.5231,2.06,1.92,18.0,4.53,2.68,45.0,-0.571428571,4.3,0.0,4.38,0.9,0.0,29.0,940.0
slavery,460.0,0.8743,2.0,1.97,18.0,5.45,3.0,22.0,0.933333333,4.18,0.0,3.11,1.42,0.0,27.0,207.0
sleep,193.0,2.11,7.22,1.65,41.0,3.6,2.57,43.0,0.7692307690000001,5.08,0.0,4.44,1.15,0.0,27.0,11625.0
slide,247.0,1.5437,5.71,1.71,21.0,3.3,2.1,23.0,1.416666667,4.31,0.0,4.48,0.82,0.0,25.0,909.0
slim,516.0,-0.0757,6.63,1.61,19.0,4.26,2.07,23.0,1.818181818,4.03,0.0,3.93,1.08,0.0,30.0,605.0
slipper,251.0,0.9458,5.8,1.47,20.0,3.83,2.41,24.0,1.5384615380000002,3.03,0.0,4.86,0.44,0.0,29.0,113.0
sloth,577.0,0.3263,4.05,2.14,20.0,2.9,2.2,20.0,1.1,3.16,0.0,4.83,0.54,0.0,29.0,74.0
small,217.0,2.7792,5.76,2.02,21.0,3.43,1.78,21.0,1.923076923,5.53,0.0,3.22,1.67,0.0,27.0,6373.0
smell,243.0,1.697,6.39,1.79,18.0,5.24,2.83,21.0,0.923076923,4.51,0.0,3.7,1.44,0.0,27.0,4240.0
smile,215.0,1.9197,7.89,2.19,18.0,4.62,3.09,21.0,1.727272727,4.65,0.0,4.5,0.75,0.0,28.0,2958.0
smoke,348.0,1.6481,3.44,2.23,18.0,5.0,2.7,20.0,2.307692308,4.72,0.0,4.96,0.19,0.0,27.0,3337.0
smooth,392.0,1.0438,6.42,1.77,19.0,2.76,2.02,21.0,3.25,4.36,0.0,3.81,1.24,0.0,27.0,932.0
snow,206.0,1.7893,6.78,1.78,37.0,4.57,2.72,42.0,0.25,4.68,0.0,4.85,0.37,0.0,26.0,1599.0
snowball,256.0,-0.0757,6.86,1.53,21.0,4.3,2.36,23.0,2.7,3.17,0.0,4.93,0.25,0.0,30.0,71.0
social,510.0,2.604,6.08,1.62,40.0,5.16,2.3,43.0,0.428571429,5.43,0.0,2.27,1.28,0.0,26.0,1703.0
socialist,633.0,1.4731,4.11,2.56,18.0,4.44,3.07,18.0,0.071428571,4.28,0.0,3.19,1.36,1.0,27.0,65.0
soft,239.0,1.9127,7.13,1.66,38.0,3.04,2.46,45.0,2.333333333,4.62,0.0,3.88,1.45,0.0,26.0,1633.0
solid,394.0,1.6437,5.65,1.73,20.0,2.36,1.73,22.0,1.153846154,4.68,0.0,4.42,0.81,0.0,26.0,998.0
solve,420.0,1.7193,6.3,2.0,20.0,4.35,2.52,23.0,0.4166666670000001,4.42,0.0,2.1,1.18,1.0,30.0,994.0
sorry,230.0,1.9789,4.81,1.83,21.0,4.62,2.46,21.0,0.153846154,5.25,0.0,1.9,1.37,0.0,30.0,59566.0
sound,256.0,2.1825,6.45,1.34,22.0,4.14,2.35,21.0,0.833333333,5.16,0.0,3.7,1.44,0.0,30.0,7313.0
soup,232.0,1.3059,7.05,1.4,21.0,4.24,2.57,25.0,1.0,4.12,0.0,4.72,0.75,0.0,29.0,1285.0
sparrow,308.0,0.6448,6.58,1.57,19.0,3.78,2.58,23.0,-0.3,3.44,0.0,4.85,0.46,0.0,27.0,133.0
speed,372.0,1.9049,6.71,2.03,21.0,6.8,2.69,20.0,1.5,4.98,0.0,3.62,1.29,0.0,29.0,2104.0
spider,254.0,0.8475,3.35,2.3,20.0,6.91,1.93,22.0,-0.545454545,4.2,0.0,4.97,0.18,0.0,30.0,515.0
spill,249.0,1.255,3.63,1.71,19.0,3.74,2.26,19.0,1.916666667,3.83,0.0,4.07,1.04,1.0,28.0,432.0
spit,288.0,1.1801,3.0,1.78,20.0,3.57,2.4,21.0,1.75,3.83,0.0,4.71,0.53,0.0,28.0,987.0
splash,239.0,1.0026,6.53,1.71,19.0,4.8,2.44,20.0,3.5,3.78,0.0,4.19,1.0,0.0,27.0,215.0
split,355.0,1.5246,4.5,2.22,22.0,5.55,2.63,20.0,1.076923077,4.64,0.0,3.96,1.4,0.0,25.0,1954.0
sprint,454.0,0.4373,5.67,2.33,21.0,5.9,2.9,20.0,1.7,3.95,0.0,4.14,0.95,0.0,29.0,36.0
squirrel,353.0,0.7885,5.71,2.31,21.0,4.48,2.23,23.0,0.363636364,3.69,0.0,4.89,0.42,0.0,28.0,279.0
staff,445.0,2.0804,5.18,1.01,22.0,4.3,2.2,20.0,0.9,5.07,0.0,4.36,0.99,0.0,28.0,1632.0
start,353.0,1.6796,6.41,1.53,22.0,4.81,2.79,21.0,-0.181818182,5.53,0.0,2.71,1.18,0.0,28.0,17345.0
state,467.0,2.5101,5.73,1.32,22.0,3.29,1.85,21.0,0.071428571,5.76,0.0,3.52,1.45,0.0,27.0,5500.0
stay,311.0,2.3991,6.14,1.64,22.0,3.14,1.82,21.0,0.833333333,5.28,0.0,2.15,1.35,0.0,26.0,26298.0
steal,327.0,1.7207,2.17,1.15,18.0,5.3,2.79,20.0,0.0,4.42,0.0,3.84,1.13,0.0,31.0,2720.0
stop,243.0,2.522,4.73,1.16,22.0,4.14,2.5,21.0,2.5,5.48,0.0,3.68,1.28,0.0,25.0,36071.0
store,394.0,1.4883,5.94,1.76,18.0,3.43,1.99,21.0,-0.875,4.98,0.0,4.5,0.65,0.0,26.0,4178.0
story,193.0,2.3589,7.27,1.24,22.0,3.52,2.54,21.0,0.454545455,5.43,0.0,3.3,1.49,0.0,27.0,11260.0
street,247.0,2.5077,5.07,1.0,42.0,3.45,2.18,22.0,-0.181818182,5.26,0.0,4.75,0.76,0.0,32.0,7557.0
stretch,387.0,1.8296,5.0,1.6,19.0,4.73,1.91,22.0,2.4,4.32,0.0,3.62,1.37,0.0,29.0,748.0
strike,432.0,2.048,3.06,1.89,18.0,5.52,2.44,21.0,1.083333333,4.69,0.0,4.07,1.24,0.0,27.0,2324.0
strong,280.0,2.3266,6.81,1.64,42.0,5.14,2.29,21.0,1.4,5.23,0.0,3.14,1.35,0.0,28.0,4430.0
stupid,339.0,1.579,2.84,2.01,43.0,4.34,2.6,47.0,1.727272727,4.95,0.0,1.75,0.97,0.0,28.0,9405.0
suck,216.0,1.5553,3.71,2.72,21.0,5.6,2.19,20.0,2.692307692,4.43,0.0,3.46,1.3,0.0,26.0,1779.0
sweat,399.0,1.2228,4.38,2.36,21.0,5.1,2.45,20.0,1.153846154,4.13,0.0,4.71,0.71,0.0,28.0,1115.0
sweep,288.0,1.7086,5.27,1.03,22.0,3.89,2.23,19.0,3.235294118,3.95,0.0,3.72,1.17,0.0,25.0,485.0
sweet,172.0,1.1274,7.77,1.38,22.0,4.14,2.92,21.0,1.25,4.88,0.0,4.0,1.13,0.0,29.0,7405.0
swell,396.0,1.1785,5.05,1.78,19.0,4.56,2.01,18.0,0.384615385,3.65,0.0,3.31,1.44,0.0,26.0,1061.0
swim,275.0,0.9646,6.71,2.03,21.0,6.05,3.05,20.0,1.0,4.15,0.0,4.43,1.14,0.0,28.0,1622.0
swing,237.0,1.7476,6.95,1.61,19.0,4.1,2.21,21.0,2.5,4.32,0.0,4.54,0.76,0.0,26.0,1325.0
table,185.0,2.3712,5.49,1.34,41.0,3.0,2.02,44.0,-0.125,5.08,0.0,4.9,0.41,0.0,29.0,5387.0
take,277.0,3.2827,4.82,1.53,22.0,4.52,2.27,21.0,1.2,5.91,0.0,3.06,1.44,0.0,31.0,96443.0
talk,216.0,2.7081,6.64,1.33,22.0,3.38,2.27,21.0,0.214285714,5.41,0.0,4.07,1.25,0.0,28.0,43605.0
tall,266.0,1.8684,6.71,1.93,21.0,3.85,2.08,20.0,-0.071428571,4.53,0.0,3.36,1.39,0.0,28.0,1649.0
tangerine,401.0,-0.7757,6.81,1.5,21.0,3.9,2.31,20.0,-0.066666667,2.81,0.0,4.81,0.62,0.0,27.0,38.0
tap,350.0,0.9725,5.33,1.46,21.0,3.95,2.2,21.0,3.3636363639999995,4.2,0.0,4.29,1.05,0.0,28.0,752.0
taste,280.0,1.7587,6.63,1.8,41.0,4.56,2.91,43.0,1.142857143,4.69,0.0,4.07,1.39,0.0,28.0,2617.0
tax,546.0,2.1156,3.0,1.93,22.0,4.52,2.73,21.0,-0.071428571,5.11,0.0,3.89,1.4,1.0,28.0,742.0
taxi,443.0,1.5281,4.79,2.08,42.0,3.79,2.07,19.0,-0.5,4.13,0.0,4.93,0.26,0.0,29.0,1318.0
teach,304.0,2.155,7.06,1.43,18.0,3.47,2.63,19.0,0.153846154,4.71,0.0,3.15,1.17,0.0,27.0,3715.0
tear,305.0,1.7889,3.14,1.73,22.0,4.8,2.42,20.0,0.5555555560000001,4.31,0.0,4.56,0.7,0.0,27.0,1377.0
telephone,414.0,1.3094,5.71,1.85,21.0,4.3,2.23,20.0,-0.3,4.46,0.0,4.96,0.19,0.0,27.0,1651.0
tend,498.0,2.1156,4.8,1.61,20.0,3.22,1.68,23.0,-0.25,4.65,0.0,2.0,1.09,0.0,28.0,626.0
theme,504.0,1.5647,5.43,1.5,21.0,3.08,2.32,24.0,0.066666667,4.59,0.0,2.72,1.53,0.0,29.0,710.0
think,303.0,3.3019,6.68,1.67,22.0,3.75,2.27,20.0,0.363636364,6.09,0.0,2.41,1.39,0.0,27.0,137261.0
three,178.0,2.8019,5.43,1.08,21.0,3.38,2.09,21.0,1.615384615,5.81,0.0,3.62,1.63,0.0,29.0,27654.0
thump,350.0,0.8451,4.42,2.12,19.0,4.0,1.95,22.0,3.3,2.93,0.0,3.77,1.14,0.0,30.0,99.0
thunder,314.0,0.7765,5.74,2.0,19.0,5.75,2.43,20.0,2.866666667,4.16,0.0,4.34,0.94,0.0,29.0,679.0
tiger,331.0,1.0776,6.0,2.29,22.0,5.55,2.61,22.0,0.7,4.32,0.0,5.0,0.0,0.0,30.0,945.0
time,282.0,3.2955,5.6,1.78,40.0,3.41,2.56,22.0,-0.7,6.28,0.0,3.07,1.46,0.0,30.0,99890.0
tiny,258.0,1.9406,5.1,1.7,21.0,4.6,2.5,20.0,3.3636363639999995,4.59,0.0,3.11,1.48,0.0,27.0,1643.0
tired,223.0,1.8157,4.29,1.35,21.0,3.67,2.18,21.0,0.166666667,4.72,0.0,3.0,1.33,0.0,27.0,5745.0
toad,368.0,0.628,6.0,1.33,19.0,3.62,2.78,21.0,0.5,3.35,0.0,5.0,0.0,0.0,28.0,290.0
toast,364.0,0.5601,6.73,1.12,22.0,3.65,2.16,20.0,0.545454545,3.93,0.0,4.93,0.26,0.0,28.0,1707.0
top,228.0,2.237,6.0,1.98,22.0,4.33,2.31,21.0,1.090909091,5.56,0.0,3.93,1.54,0.0,27.0,6805.0
tortoise,331.0,0.7515,5.58,1.95,19.0,3.32,2.46,22.0,0.363636364,3.28,0.0,4.87,0.43,0.0,30.0,57.0
train,443.0,1.772,6.36,1.5,22.0,4.05,2.31,21.0,-0.090909091,4.95,0.0,4.79,0.56,0.0,29.0,4848.0
travel,379.0,1.9781,7.89,1.49,19.0,5.55,2.47,44.0,-0.3,4.94,0.0,3.67,1.01,0.0,24.0,1702.0
treat,374.0,1.9936,6.84,2.03,19.0,5.0,2.7,48.0,1.285714286,4.74,0.0,3.79,1.2,0.0,28.0,2646.0
tree,213.0,2.2827,7.59,1.69,41.0,2.67,2.29,42.0,-0.923076923,4.88,0.0,5.0,0.0,0.0,28.0,3315.0
trend,534.0,1.5492,5.33,1.49,21.0,4.45,2.06,22.0,-0.071428571,4.48,0.0,2.42,1.27,0.0,26.0,106.0
trouble,318.0,2.1935,2.87,1.49,38.0,5.59,2.51,44.0,-0.5,4.84,0.0,2.25,1.32,0.0,28.0,11401.0
trust,409.0,1.6524,7.24,1.96,41.0,4.3,2.7,47.0,0.2,5.1,0.0,2.04,1.29,0.0,28.0,9087.0
truth,318.0,2.1283,7.19,1.78,43.0,3.88,2.74,42.0,1.5,5.09,0.0,1.96,1.4,0.0,27.0,9801.0
try,269.0,2.8689,5.64,1.76,22.0,4.0,2.37,21.0,-0.294117647,5.49,0.0,2.22,1.4,0.0,27.0,24314.0
turkey,540.0,0.985,5.9,1.62,20.0,3.45,2.11,22.0,0.066666667,4.52,0.0,4.89,0.32,0.0,27.0,1153.0
turn,288.0,2.763,5.45,1.14,22.0,3.48,1.91,21.0,0.0,5.34,0.0,3.44,1.42,0.0,25.0,15630.0
twist,338.0,1.5898,4.61,1.8,23.0,4.27,2.37,22.0,2.8,4.17,0.0,3.9,1.12,0.0,30.0,643.0
two,180.0,3.1372,6.3,1.63,20.0,3.33,2.57,18.0,1.0,6.13,0.0,4.18,1.33,0.0,28.0,54384.0
type,460.0,2.1397,6.06,1.63,18.0,2.86,2.2,21.0,1.076923077,5.29,0.0,3.3,1.61,0.0,27.0,3093.0
ugly,308.0,1.3955,2.47,1.93,19.0,4.43,2.18,21.0,1.8,4.43,0.0,3.23,1.52,0.0,30.0,2150.0
use,323.0,2.0927,5.18,1.4,22.0,4.19,2.66,21.0,1.0,5.83,0.0,2.78,1.37,0.0,27.0,17536.0
vacuum,439.0,0.0482,5.38,1.91,21.0,4.63,1.95,19.0,0.1,4.06,0.0,4.22,1.19,0.0,27.0,294.0
value,467.0,2.2381,7.18,1.47,22.0,5.79,2.12,19.0,0.538461538,5.18,0.0,1.62,0.88,0.0,24.0,1097.0
vary,488.0,1.7515,4.5,1.47,22.0,3.59,1.97,22.0,-0.357142857,4.28,0.0,1.93,1.02,0.0,28.0,47.0
vault,473.0,0.5922,5.84,2.03,19.0,2.86,2.17,22.0,0.545454545,3.82,0.0,4.62,0.94,0.0,29.0,614.0
view,394.0,2.4148,6.67,1.35,21.0,3.3,2.0,20.0,0.384615385,5.22,0.0,3.21,1.37,0.0,28.0,1965.0
vote,497.0,1.7076,5.24,1.81,21.0,5.05,2.21,20.0,-0.571428571,5.1,0.0,3.85,1.43,1.0,28.0,1751.0
wail,439.0,0.9725,3.52,1.29,21.0,5.81,1.75,21.0,0.5,2.88,0.0,3.93,1.25,0.0,29.0,44.0
wait,299.0,2.5045,4.55,1.65,22.0,3.62,2.13,21.0,-0.5,5.34,0.0,2.68,1.42,0.0,28.0,42343.0
walk,230.0,1.7317,6.77,1.6,22.0,3.24,2.02,21.0,0.727272727,5.06,0.0,4.07,1.44,0.0,29.0,11009.0
wander,374.0,1.5673,5.9,1.34,21.0,3.41,1.82,22.0,0.545454545,3.68,0.0,2.28,1.07,0.0,29.0,299.0
want,254.0,-1.5539,6.0,1.8,22.0,5.29,2.12,21.0,-0.214285714,6.03,0.0,1.93,1.33,0.0,27.0,140718.0
war,366.0,2.559,2.23,1.58,39.0,6.27,2.2,41.0,-0.230769231,5.56,0.0,3.63,1.18,0.0,27.0,8912.0
warm,234.0,1.958,7.5,1.92,18.0,3.35,2.5,20.0,1.230769231,4.71,0.0,3.56,1.42,0.0,27.0,2659.0
wash,195.0,1.968,6.0,2.07,22.0,3.7,2.18,20.0,1.4615384619999998,4.38,0.0,4.35,0.8,0.0,26.0,2077.0
wasp,279.0,0.7767,2.71,1.71,42.0,5.33,2.58,43.0,0.9,3.28,0.0,4.96,0.19,0.0,27.0,73.0
water,180.0,2.6641,7.0,1.74,40.0,3.71,2.39,21.0,0.75,5.52,0.0,5.0,0.0,0.0,28.0,11478.0
weak,340.0,1.7737,2.95,1.43,22.0,4.9,2.17,20.0,1.307692308,4.7,0.0,2.79,1.57,0.0,29.0,1607.0
weather,292.0,1.8131,6.05,1.59,22.0,4.21,2.32,19.0,-0.75,4.86,0.0,3.83,1.34,0.0,29.0,1746.0
weave,428.0,0.567,5.41,1.22,22.0,3.1,2.05,21.0,0.363636364,3.47,0.0,4.2,1.06,0.0,30.0,105.0
welcome,398.0,1.5158,7.27,1.88,22.0,3.76,2.26,21.0,1.384615385,4.98,0.0,2.07,1.19,0.0,29.0,9140.0
whale,368.0,1.046,5.81,2.14,21.0,4.2,2.76,20.0,-1.3,3.96,0.0,4.96,0.2,0.0,26.0,574.0
whine,390.0,0.8116,2.82,1.62,22.0,3.62,2.36,21.0,2.666666667,3.17,0.0,3.4,1.47,0.0,25.0,83.0
white,241.0,1.6594,6.18,1.93,39.0,3.35,2.36,43.0,0.5,5.48,0.0,3.89,1.29,0.0,28.0,8744.0
wide,316.0,2.0751,4.58,1.46,19.0,3.05,2.12,19.0,-0.2,4.95,0.0,3.06,1.29,0.0,31.0,1214.0
wife,314.0,2.3947,6.7,2.12,23.0,4.21,2.68,43.0,0.333333333,5.24,0.0,4.13,1.11,0.0,30.0,17795.0
will,497.0,2.1091,5.32,1.78,22.0,2.9,2.07,21.0,0.214285714,6.44,0.0,2.64,1.45,0.0,28.0,108306.0
wind,239.0,2.0796,5.67,2.22,18.0,3.7,2.47,20.0,1.142857143,4.85,0.0,3.93,1.44,0.0,28.0,3028.0
wipe,273.0,1.5719,4.58,1.35,19.0,3.54,2.06,24.0,2.0,3.98,0.0,4.0,1.17,0.0,26.0,861.0
wise,359.0,1.6063,7.42,1.39,40.0,4.46,2.77,39.0,0.4,4.51,0.0,1.97,1.1,0.0,30.0,1452.0
wish,260.0,1.4174,7.14,1.77,21.0,3.38,2.33,21.0,2.181818182,5.2,0.0,1.77,1.25,0.0,30.0,11991.0
wolf,316.0,1.0072,6.26,1.59,19.0,5.25,2.24,20.0,1.25,4.34,0.0,4.79,0.83,0.0,28.0,1034.0
work,288.0,2.8445,5.05,1.73,22.0,4.33,2.37,21.0,1.714285714,5.96,0.0,3.48,1.5,0.0,27.0,40699.0
worm,249.0,1.2272,4.86,2.26,21.0,3.5,2.28,20.0,1.357142857,3.81,0.0,4.9,0.4,0.0,30.0,516.0
worry,413.0,1.3438,2.1,1.26,21.0,6.33,2.73,21.0,0.461538462,4.85,0.0,2.55,1.15,0.0,29.0,14638.0
would,327.0,3.0131,5.91,1.54,22.0,3.81,2.38,21.0,-2.1,6.31,0.0,1.12,0.34,3.0,27.0,90162.0
wound,411.0,1.3945,3.24,1.48,21.0,4.65,2.19,23.0,1.133333333,4.27,0.0,4.24,0.78,0.0,25.0,1353.0
yawn,284.0,0.8775,5.62,1.63,21.0,2.84,1.93,25.0,3.384615385,3.06,0.0,4.46,0.84,0.0,28.0,51.0
yellow,256.0,1.0935,6.09,1.82,43.0,3.83,2.33,41.0,0.5,4.66,0.0,4.3,1.06,0.0,30.0,1724.0
yodel,473.0,-0.9586,6.1,2.21,21.0,3.33,2.15,21.0,2.9,2.26,0.0,4.2,1.1,0.0,30.0,43.0
young,286.0,2.6892,6.31,1.59,39.0,4.09,2.22,22.0,0.333333333,5.44,0.0,3.16,1.46,0.0,25.0,12402.0
zebra,370.0,0.2786,6.47,2.34,19.0,3.9,2.75,20.0,-0.538461538,3.37,0.0,4.86,0.58,0.0,29.0,128.0
