Word,Word type,PC1,PC2,PC3,PC4,PC5
able,A,1.5272318793770594,-0.15123037890529803,0.8337217863606554,0.37453819477980305,0.2559046363024927
add,V,1.3950317640097838,-0.19810011583066622,0.2289123753580841,-0.7478087835179337,0.44757561865815126
afraid,A,0.03288887809583996,2.4570487537231585,-0.5990445624968109,-0.7057002377624351,-1.0107164546646161
aim,N,0.17735058822558336,-0.17570315282461052,0.5399958613382211,0.018501174487779784,0.27316557995692886
air,N,1.3225203522125608,-0.997096950814765,-0.9000908135153163,0.2463132787041467,-0.13202089548572868
alarm,N,-1.3286352356136473,1.779977575160801,-1.277889350930348,-1.277027002091321,0.8568936588841223
alcoholic,N,-2.572991579585117,1.8444353828947333,1.4639387133587194,-0.49564997535401534,-0.41638221244847734
alive,A,0.36652312133666154,1.0755251728258313,-0.7624923621653877,0.11049015650781498,1.7121022705585502
alligator,N,-1.9037837817664982,0.188818125472813,-1.039173744113222,-0.5512218925413113,0.00876649543056621
anger,N,-0.557777357244906,2.804134952332391,-0.22852946364337043,-0.8724894949176085,-0.17209986160678606
angry,A,-0.494172818685351,3.108991573488209,-0.9215637204338314,-0.5375273850403647,-0.09404296969117498
antelope,N,-1.3253346912646637,-1.3265392681652854,1.187319192940675,-1.5462517169821839,0.4354642123819819
ape,N,-0.8045119412397322,-0.5264720923774256,-0.8517837372247304,-0.12333167147351295,-0.224577252395504
arch,N,-0.5136035039662827,-0.9376797604585873,-1.076490445405118,1.3223251680207015,-0.7405240256267174
argue,V,-0.4852690258985497,2.8199894940269274,-0.07412507386835482,-1.478911517903831,0.6725489628178268
arrange,V,0.3390931936861023,0.14760386775542803,0.8694650428012841,0.0410544871067863,-0.3530469160215429
attempt,N,0.4227224037346164,0.8240462579716717,1.378157140955736,-0.4184587232902751,1.1417496431698768
avoid,V,-0.024590948870280915,0.8640830378278508,1.6490335862427445,-0.4737176293068516,-0.5236830017834069
awake,V,-0.5296507562265009,0.587980944341653,-0.8429206289205105,1.0689892337972366,1.4992255577340672
baboon,N,-1.7388801165793675,-0.22874866861203996,-0.3786240492117112,0.05481301126486732,0.5583742550669251
baby,N,1.2703244087361691,-0.09342125222741146,-2.601514042497455,-0.024983429252256804,0.6118292035126935
back,F,2.8536198966892967,-0.3868948370233865,-0.08429752550297313,-0.4249534551757929,-2.195711636803433
bad,A,1.5188462443061514,2.403868383201196,-0.0005842008033722957,-0.8201830154055755,-0.6105824709700597
badger,N,-1.0446291952959645,-0.31083425150846933,0.09638873187018816,-0.702438160960298,-0.2816782013967106
banana,N,0.22908923829731587,-1.9776445163984189,-1.3237139175497017,0.05101468502102692,-0.2144524755601059
bat,N,-0.4975755348890846,-0.5496313310982677,-0.8761631986195073,-1.324149106242083,-0.1773761878979953
bath,V,0.31543171784204704,-2.188464672624876,-0.8550473454610926,-0.27859709123529114,0.04043046550613493
battle,N,-0.8083386675809457,2.0243854482944252,-1.184154568042513,-0.9049822370061468,0.302263374914949
be,V,7.0510996104946475,2.237331825648404,2.1687661425000564,1.2555892293380357,-1.9200600798271104
bear,N,-0.10354332332668831,-0.8181342707932281,-0.7294249521953791,-1.4928211478100146,0.07044245262881046
beautiful,A,1.0564184548349238,1.3756508015640587,-0.7145254460287843,1.3856134629578702,2.0890119548110517
beaver,N,-1.3814140336216438,-0.8750664491918101,0.21579148488959526,-0.4352582144448717,-0.32126571415957117
bee,N,-0.7921128416705445,0.9095698406393502,-2.1937250608126235,-1.0736154260626045,-0.17636396626478487
begin,V,1.7568172178781924,-0.18866293216573846,-0.026588462136638184,0.9665289172486953,-0.30908235213357993
beginning,N,0.9425011706432994,-0.5972560745539822,1.1659923524824638,0.4079399086338163,-0.06522473633674826
beige,N,-1.5221304500581159,-1.361591009153195,1.526502278658536,0.9525394557700939,-0.9618751496979872
belong,V,1.2886928355204499,-0.2450309976759365,1.9141420904888737,0.5802669541782636,0.10866435527204986
big,A,1.8545322454619932,0.37838467251334856,-1.1565381672085835,-0.41925312028727596,-0.11173075202648616
black,N,0.7561818559690944,-0.33122864732504037,-0.8578631697903814,0.012565645952278692,-0.542218681739115
blame,V,-0.26039014081751366,2.009921072152454,0.7537341216065949,-0.5906350010257351,-0.587015878736048
blue,N,0.8651819237664381,-1.0835520131778549,-0.1569330562093263,-0.5468946986877821,0.2533327533721247
blush,V,-0.8647620938685985,-0.3407082953953681,-0.6231746536016252,0.5731663413162817,0.7369924174925433
boat,V,-1.622675370550177,-1.31128586946866,-0.06384274167308547,0.7170571343548044,0.2360792259701426
boil,V,-0.5570089652012064,0.9364646943129716,-1.1476511913316902,-0.5643547329558305,0.2283953927096932
bomb,N,-1.7219378719906506,1.7325155071669656,-1.2514287641402762,-0.7305130043600517,-0.7126716436693504
book,N,1.7993009208664523,-1.846883038060443,-0.9260414127876808,-0.9517769335876866,-0.06559352366044813
born,A,1.2971037128322376,-1.0137593976070491,0.7543437844299757,-0.7749762502136459,0.972709124530312
bother,V,0.24567753065247044,1.1612008500572881,0.9622099013137126,0.02048485280936845,-0.22579859048478615
bowl,N,0.2308804962967547,-1.2290358587517305,-1.399854184820743,0.09959646303611934,-0.7666174698386036
box,V,-1.1675974971081557,-2.0027299416675106,-0.012804253431221204,0.2806156810209333,-1.1844581661523246
boy,N,1.5022498796417207,-0.2865574318867306,-2.0549998552001125,-0.3071865189160622,-0.3088166060778335
break,N,-0.6023597310731614,0.946076895129264,-1.0580335516081343,1.3177223596500798,-0.05316298541052837
breakfast,N,0.8676272414272094,-0.6562834198777783,-1.5654881355993426,-0.46446165556988067,1.3714651639573279
breathe,V,0.8715216546399733,-1.4342087500989542,-1.4697826531613472,1.7078976806360415,-0.4225163720345408
bridge,N,0.226580657596985,-1.3157947536526498,-0.2720494361974176,-1.1703386340797028,-0.541358401950015
brief,A,0.11809676148209851,-0.14451386644583386,1.7319308646672384,0.5637361081071733,0.09266366710210178
bright,A,0.36424101395008973,0.058269718740180394,-0.9533752634716869,0.2258956145449608,1.162650187568175
bring,V,1.6368366568854145,0.6532112833142732,0.3847867049955304,-0.5796257315526915,0.29287116391438395
broad,A,0.07241305519390984,0.5240110633228038,0.18729440394240007,1.6325936897575732,-0.6897904516760773
bronze,N,-0.7961237239125173,-1.132011270966938,0.7835198976959424,-0.20349607913966167,-0.13097794432795204
brown,N,-0.06352873255388232,-1.2633289776434131,-0.5778367519433636,-0.2603909840208373,-0.633376199134518
brush,N,0.1735827593997408,-1.0507542349634247,-1.5130217101952868,0.34732341973279324,-0.8755255012340798
bug,N,-2.1920025443884903,1.2451847008834322,-1.4234801255350245,-0.42065486538560953,0.005368864544276243
build,V,1.1608814112518078,-0.6293963669590393,-0.5711162686047174,0.17824772912544748,-0.13057467135108175
builder,N,-0.304710401987567,-1.0360175626131949,0.07839250843328952,0.42345874933340066,-0.3103365623551108
bull,N,-0.8064412247768165,0.4442440420569727,-1.4049758308798959,-0.7115351919106383,-0.48625362236941316
bungalow,N,-0.5580143607065837,-1.6874753215179943,0.598218575088507,-0.4752376579565512,0.2288175942094699
burst,V,-0.18325199685579402,1.2902187425620446,-1.3628270719400826,1.2222645412886977,0.49041884174815187
butter,V,-0.34199398007334936,-1.9156121670607826,-0.7839478729415097,-0.10297975019759022,-0.21329103492595503
buy,V,1.4684181799648675,-0.3389012297437782,0.06424016697706039,-0.7027157528863708,0.8335727520287607
calf,N,-0.09978008975124919,-1.1299816355018792,0.1375470103087283,-1.060489401512964,-0.28560874117421753
call,V,2.031434288767803,-0.626426331041737,-0.1169155784812259,-0.3501005161666677,-0.5311196942337859
camel,N,-0.16003135934074175,-1.4755429027111646,-0.2900559285037475,-0.6152165751639781,-0.8836001875312551
canary,N,-0.6810339522566822,-1.5713692934240986,-0.3107150783098745,0.32064175790325294,-0.06614890921992526
carpet,N,0.4232535396395214,-2.0815831270575367,-0.25261966558993854,-0.9107096102523053,-0.7445679452970385
cast,V,-0.6018145935555954,-0.5396015184019275,1.09250268919701,-0.08818433546323577,-0.3964079075855914
cause,V,0.6450772316466094,0.3316253822451118,1.7331982453057504,-0.03521428155843916,-0.40345650290823476
chart,N,-0.5901646803389288,-1.3312312888007485,0.77230910699062,-0.37271740075500465,-0.7135528155780612
chase,V,-0.8761569901332464,2.029203082197047,-0.7146988715965354,-1.2358185269362514,0.8001482366529854
cheat,N,-1.3275243005597381,1.351771329930048,1.240884799644383,-0.7316333911637272,-0.3870218054562757
cheer,V,-0.09016990155621342,0.8608429656249915,-1.040504665269831,1.749134955447501,1.5596023914722543
cheetah,N,-2.0495405672381035,-0.8015629797600923,0.5941673935261916,-0.4179142683628626,1.2277718747210913
chef,N,-1.034551226911884,-1.8889460266137676,1.639167637382261,-0.20968464262722086,-0.22459520564869054
chew,V,0.11434489711952922,-0.25332326671359945,-1.4810459915354124,0.7741961235350064,-0.36151627764745753
child,N,1.3727582642471368,-0.16421131676396858,-1.5856633604259167,-0.9499277890654673,1.4309503406739947
children,N,1.2072960037700116,-0.08007585265055399,-1.497759058728293,-1.1965778327943226,0.8375877057523501
chill,N,-0.5008284674639388,-0.2648460815898819,0.7865087091432963,0.8244642736613026,-0.6121477469638391
chinchilla,N,-2.72444392648344,-1.3819406449310978,1.498337281389583,0.17888015621838999,0.6362465646653398
chipmunk,N,-2.5937195175383803,-2.3267622507423105,1.3269748150709264,0.8815546147483092,0.749765215649156
chop,N,-1.3659702447287827,0.38590913700839935,-1.8398509408956603,1.340808945901175,-0.5735104521239802
cigarette,N,-0.429085378702535,0.22687346613220633,-1.1702016148846723,-1.1414162563492272,-1.542824634037645
circle,V,-0.46884911864528883,-1.0783365122067334,-0.42927640210241325,0.5168326346934671,-0.5163340132186041
clang,V,-1.9033642806270543,1.0656846199906527,-1.553414077613545,1.9782786575635616,-0.6619194632724228
clean,A,1.2932101037740436,-0.6872476739198952,-0.30844291142819497,0.474281863311414,0.4500231765980439
clip,V,-0.9603062716863977,-1.1267196786794993,-0.27722752461501365,1.0942429043361346,-1.0137173333582319
close,V,1.005998629096615,-0.05331329739281904,0.3094455148909229,-0.7979218670665781,-0.2767216908571336
coast,N,0.18097281788366992,-0.7673718690864728,0.27015986301065364,-1.0821986879727161,0.29720227130216137
cod,N,-0.6956425334882897,-1.2321773372582694,0.9994726046636856,-1.6238955220358233,-0.12789784862994596
cold,A,0.8641413186106635,0.17060651549238634,-1.291813997461122,-0.2701608374290727,-1.1539040832876457
collect,V,0.46333922713722797,-0.7120872968422226,0.6639725859986508,0.12806427187653788,-0.33261734411939575
college,N,-0.4083727152889148,-0.7347542913139641,0.2917771464295823,0.28780649153596544,0.31550236310498014
comb,V,0.1740358922748905,-2.3648138972515764,-0.41698585334005045,-0.6334521688421583,-1.2228914982854873
come,V,4.1795622226005245,1.0224246926202356,0.9846616047957792,0.20620065632085943,-1.268298861046822
concept,N,-0.38033814287281603,0.580437072285026,3.1230586204769963,1.17037959550042,-0.6313271022179333
confuse,V,-0.5637270080035629,1.0142197450321102,1.33462892843757,0.8148124759452453,-0.34712268356634346
construct,V,-0.4334690436350321,0.4526155300034311,1.5465133479997997,0.07112069015084123,0.3828162665457354
contact,N,0.046158662342315304,-0.9162347583427364,1.0084452659530003,0.04557017038202342,-0.09807324464833789
contract,V,-1.423729861658518,-0.626888544814979,1.9981984314202434,-0.5814723577100573,-0.11446000030433073
cook,N,0.0942778028796863,-0.9765110080357791,-0.6389414230506545,0.1277228641394926,0.8652050397010815
cool,V,0.5288025849517582,-0.6328872769235963,-0.8187616759509769,1.4793203803164365,0.033225043980312605
cope,V,-0.028010024075270073,0.7769242458855344,2.122589821543407,-0.009603687150084125,0.21790108254035476
cost,N,-0.1834167918501586,1.6499420012251107,1.0187864312487016,-0.34071187098510436,0.04187299370443861
cougar,N,-3.376334076249969,-0.14893097838414468,0.4020228919979329,0.713233034823222,1.0833518748529163
cough,V,-0.7627463371257238,0.6893436551680758,-1.9454096837959824,0.1034027761298181,-0.9912929255327172
council,N,-0.423669258620839,0.4640856409383433,2.0560379792629173,0.09906130034865615,-0.11935921166357559
counsel,V,-1.2792081983900676,-0.48754187025808016,2.8580408569685085,1.2333551255087196,-0.4794440458114977
country,N,1.1440570198248141,-0.8352343419121941,0.42960625778436257,-1.2136772371046536,0.07829427596687771
cow,N,0.5123030844401283,-1.359305096665083,-1.6807286836442876,-0.1036331193176286,-1.0986599785589937
coyote,N,-2.9842577556438266,0.12110075086245015,1.1326813568943102,-1.065240138580524,0.28990448110477296
crack,N,-1.3941898904502068,1.689696116007191,-2.189117989682077,0.23935032987747315,-1.017862346064603
craft,N,-0.44492538261192494,-0.43377576965923814,0.7033252581436854,0.5387784139331823,0.49711153146054365
creak,V,-1.116972833271735,0.5260334696171105,-0.3462809717747124,0.805572415995525,-0.2773019027151588
cream,N,0.3577630339236735,-1.482798225366311,-0.6624934159057272,-0.6723293788459327,0.20678738027464416
creed,N,-1.0121358669709637,0.1149236975583372,2.7143600740925806,0.512101892041403,0.015061609743889946
crimson,N,-1.3129232222837568,-0.5231619007426972,0.41811416671076423,-0.039853101986201914,0.4146347422727867
crocodile,N,-1.898226448486471,1.4525726178895177,-1.322828113695039,-1.366445161141188,0.2205282214946557
crow,N,-2.526144850832442,-1.2255671439187437,-1.2657941643872137,0.9768518221720068,-1.2407551150645042
cry,N,-0.22305377519926917,1.290311263646627,-1.5367130635998503,-1.430212122690301,-0.39446506343809223
cure,V,0.32832085413831474,-0.3399203440852849,1.4228977046072078,0.4668256475001056,1.7331513040056674
curl,V,-0.1829264513720183,-1.336333939249377,-0.1198641266780555,0.09137986160734687,-0.6562236946767537
damage,N,-0.7586192400740073,1.7430542617622145,-0.39472949903597637,-0.1296732731082857,-0.7851309325029016
dance,N,0.20655965694840228,-0.3998907312117739,-0.42796900848438335,-0.7362085355752637,1.7426161922169106
dash,V,-0.6245976596651402,0.5832871124581916,-0.8244850208647958,1.1809658388345907,-0.20947951754750832
day,N,2.329809135599747,-0.6046236994220447,-0.13188835219313505,-0.9412262275169573,-0.15340359650799565
deal,V,0.4987241587946337,-0.29452227763475647,1.5651432669033907,-0.4152167829070152,0.3559484643172586
death,N,-0.5569919135293244,2.3277111359601816,-0.38429648521387755,-1.5250492075460143,-0.9557674150295163
deem,V,-1.227118424751334,0.04260616381339432,3.171336046385085,0.4518185222021096,-0.4553837689222861
defeat,N,-0.762397095557589,0.7291011096991187,1.1914902399936718,-0.4583074155156928,-0.654483371680674
defy,V,-0.9504288333301061,1.7842413179197862,1.2543119270640484,0.5148790789341903,0.8525151327264643
delight,N,0.15672913583724635,0.12022407809177449,1.159152521679679,1.0352478801293734,2.2444076200083267
democracy,N,-0.7358408195121886,1.2070760210874645,2.6866360043114748,0.6781210052892935,1.4175918538233767
deny,V,-0.6059433535671664,2.3017460935215697,0.7415784296360515,-0.22394558240569368,0.38864159024400535
despise,V,-1.5166860369783595,2.005825862239122,1.5228599010544661,0.42977387336362766,-0.504983439652719
destroy,V,-0.8413855257343804,2.2886181319562193,-0.2856367694620435,-0.07264733083791171,-0.7370285495098605
die,V,-0.411316431682108,3.447328500575332,-0.41772825782094325,-2.1887923635056588,-0.06548432204644787
dig,V,0.32121705193399613,-0.7136786000116049,-0.742977311801643,-0.5525285034711954,-0.5116664195321948
dirty,V,-1.8231148006119173,0.6514255870527624,-0.8189717626660921,-0.5433789326129643,-0.672892118400877
disease,N,-1.1539470032957577,2.244045216533171,0.40236166768466364,-1.684419570786101,-0.8911047139265603
dive,V,-0.47912207083002206,-0.5322936041341348,-0.4443997672198317,0.7161799012154146,-0.15069730264789657
do,N,2.65161787583047,1.2620737754902753,2.7943399681407572,3.1652188979167413,-2.3482751325665103
doctor,N,0.7750063650453161,-0.4331404294624459,-1.4688891292900133,-0.0797978753301868,-0.1473772289791742
dolphin,N,-1.0669482095454763,-2.244929711326804,0.6540904890111142,0.2902009533181285,-0.18019264232402143
donkey,N,0.17503259627044668,-1.9687776806003718,-0.9517731485145625,-0.035702328518506694,-0.5998456993172941
draw,V,1.1956327030036193,-0.8322298169643488,-0.38029341209926254,-0.7302378245757528,-0.011897977628701867
dream,N,1.1367585479477758,-0.09432636071723442,0.2652868208475968,0.41867728408665816,1.2661584549591676
dress,V,0.5132060944846845,-0.8481756552907976,-0.9014748377463924,-1.3175394724131564,0.739239638644273
drill,V,-1.3198918808363465,0.3585595246189146,-0.22003234673138786,-0.3634109939145754,0.21579205884678154
drink,N,0.8968803065524747,-0.3017583607910279,-1.8180793240470852,-0.7871880753251503,1.0109476912692938
drive,V,0.621458354160388,-0.49340350587648174,0.19130516952222132,-0.4068208575645468,0.5593560898873075
drop,V,0.29323894418966545,0.6192541286466577,-1.1839015123990975,-0.8999642303202469,-0.4411650478021617
drum,V,-1.1106488941658204,-0.26666360189587973,-2.1344444112604024,1.346324363734821,0.2651108421780261
dull,V,-1.5040364584963244,-0.17743381995854035,1.8894287858762289,2.0318685360727455,-2.4875331829696234
dust,V,-0.7371122651825013,-0.47551709070062803,-0.32309271105543025,-0.61590569794486,-1.4172068753966691
ease,N,0.16115946025131353,-0.7049135267595723,1.655611193523488,1.356372627020427,-0.5240532645964623
east,N,0.4711133358637642,-1.1823443084968002,1.108164241160392,0.6834433450654953,-0.4996679008715416
eat,V,1.5749036719829907,-0.7656963948600002,-1.295462600619626,-0.7068520479058185,0.7672340575753542
echo,N,-0.6729843941694752,0.07861490841000332,-0.8396826325940159,1.640515691666395,-0.6410445901504095
elk,N,-1.7687802436685556,-1.951498199480136,1.6161272631104646,-0.6018058069216654,-0.1524127469933799
embrace,V,-0.8788830127520972,0.7225379664406473,0.2898218140506532,0.7978507290225438,1.9610281678980035
emerald,N,-1.5228077284138135,-1.3185150578205904,0.7650910003139171,-0.780439685181174,1.787639193539606
empty,V,0.010099593511651857,-0.6194498449753967,0.17041219588534334,0.15545993087734883,-2.0952449005491425
emu,N,-2.22502667678357,-1.5730810009644465,1.193727055149572,-0.5086010141592111,-0.013890766054539943
enter,V,0.5662050684920892,0.08438497352490049,0.48018319103198775,-0.2507232344873967,0.5619843165773231
estate,N,-0.5228152433034768,-1.1621593833738508,2.0572408527241746,-0.9782288115162678,-0.1300434031495473
expand,V,-0.3900277475564551,-0.2069793724536496,0.7662492841820266,0.8257306847746628,-0.5384385778785487
expect,V,0.8796370225802934,0.9728736395424555,1.835963179224696,-0.7152899238991633,1.1231337503395797
explode,V,-1.28357910301555,1.2699940829296805,-1.2578217338824436,0.7274778507834953,0.03348182500210171
extend,V,-0.21660425318331483,0.1499634962551735,0.867140153394221,1.193344461357705,-0.029180036115824957
eye,N,1.220280450992231,-0.7792752813573278,-1.4854737183656386,-0.7455820984404703,-0.0170644604534972
face,N,1.409121672476013,-0.5999788871674802,-1.304262130114529,-1.3807358288348264,0.4989351927054112
fact,N,0.9942381031190328,0.1513023201219606,0.6634512848300793,1.076589457375973,-0.12167313298915026
factory,N,-0.23030892753758356,-1.247440536501982,0.3804073707248364,-0.7192647755161299,-1.0467786682916664
fail,V,-0.7411040660012499,2.478694509891168,0.05328362053851925,-0.9066869774252275,-0.5885633340534533
faint,V,-1.1737329095915405,-0.07485249435517272,0.7139674932097941,-0.19187054161952666,-0.923265971036222
fall,V,0.6018466798186527,0.7455765881417175,-1.4151956197934157,-0.6265023697348236,-0.9274672828144137
farm,N,0.7679377659976356,-1.6550524347547306,-0.17648103962891823,-0.7851070184838917,-0.3907761173312542
father,N,1.6764242144444157,-0.7335981230430111,-1.7768622958672589,0.4747899710979492,-0.055610599253843665
fear,N,-0.25143395685102604,2.7914484074210955,-0.18595793156552604,-1.086146138061962,0.16817098540352585
feed,V,0.9073804875982394,-0.5404294256893692,-0.9680795056016862,-0.4029465717653318,0.9276895264888317
feel,V,2.1680051263066185,0.8265547585655613,-0.008530559739826239,0.5065943793724166,0.24966950094271842
fence,V,-1.5029042070586154,-1.745179948307608,0.8692382164527334,0.16997280546578053,-1.1868615735883437
fight,V,-0.32651000751300363,1.7737820685615169,-0.8434346396270588,-1.8939574879029004,0.3762625573841221
file,V,-0.908338972379748,-1.072744511546477,1.2062593067625607,-0.2231931918338494,-0.4384483903871595
find,V,2.505245339659538,0.04260766289126214,0.7592772883098519,-0.2198762372897796,-0.004221470005569634
fine,F,0.99914229357422,-0.2926751107283374,1.3679831834400988,-0.06742328860042919,0.4105947408577297
fire,N,0.16462061107961895,1.30390637639435,-2.166126961576093,-1.2754031010658529,0.3708977644357372
first,NUM,2.2674177569998175,0.7604748539536356,-0.44161045162303075,0.4348586828738233,1.20321752280349
fish,V,0.2970930173230595,-1.8089483875025312,-0.3877938908007887,-0.6472533454516257,-0.185564575151648
fit,V,0.41159583616370415,0.2568062244232543,0.7851135814534698,0.19121906499842395,0.7354479469909152
five,NUM,1.3289444853890238,-0.29752700149220707,-0.6901296236655758,-0.4833957838541499,-0.5806057720244512
float,V,0.27842677597263676,-1.3579964105240339,0.10549521490898105,0.1574959561075572,-0.2127980040829092
floor,N,0.8521597410279825,-0.9716083622105436,-1.0092848193006105,-0.9864000317489439,-0.8909992199295463
flounder,N,-1.9331629158293482,-0.4720253504281324,1.696149048788276,0.44061135893454895,-0.0137016689487149
flower,N,1.1313130895064296,-1.9080944591951559,-0.929528275716094,-1.0252817760824233,0.48591577855434803
fly,N,0.17742194647840506,-0.11157331147185191,-2.03632034506345,0.00779361965773066,0.5084855092725908
follow,V,0.8745717568776501,0.20688585309518176,0.34600681857498944,-0.7502340765429901,-0.4995641018506879
foot,N,1.2623760366594046,-1.3753823929445264,-0.6997245117510864,-1.7803650887932532,-1.4275868285854887
four,NUM,1.6457757518541147,-0.3614786920457951,0.0791637498353958,-1.1089748841772489,-0.5832306179060011
fragile,A,-0.7717841651251419,-0.06649734790867007,1.2305586775391748,0.9477801224071932,-0.9610651763096207
freeze,V,-0.34754735598730085,0.09155284499112619,-0.21839692290236556,-0.10935906466803084,-0.556509020116303
friend,N,1.7111666962757741,0.12473557272957325,-0.2683267756180022,0.027300049658618635,0.6839855707885879
frown,V,-0.9715907665346039,0.24890208750575368,-0.37467576355080373,0.05726341387227855,-1.5115798675702963
garden,N,1.0598541212930699,-1.6763352840457657,-0.4370932082778337,-0.9427886696687263,0.5550330911355174
gentle,A,0.593865218212546,-0.37908620558513934,-0.15758065700347565,2.4155530772712823,0.35189395460048983
get,V,5.489674790386209,1.2835573501537703,1.9472278860455592,0.2393860742651626,-1.3741677113629618
giggle,V,-0.08793906564005669,0.1535524347650771,-1.7031533230809042,1.6988032639161241,1.8863325921464709
giraffe,N,-0.6503573661752879,-2.595116974426897,1.0050966290009884,-0.7458503025222164,-0.19231044293305935
give,V,2.7715639777538104,0.5157402921990615,-0.2767619113941867,0.6255708605157713,1.064265798341684
glamorous,A,-1.0857177481110605,0.49139128904012647,1.1443001814900067,1.4534490401802447,1.2142903973669987
glass,N,0.6281657997881489,-1.1544250917967098,-0.8562045815050869,-0.5113103471027302,-0.8400205275784826
glide,V,-1.235633144464537,0.20857435120246043,-0.9031882825364423,1.8494450755806373,0.4328324952604973
glitter,N,-1.120523971782957,-0.4677793976161425,-0.4957246063647652,0.19832728404836675,0.7377147588477094
gloom,N,-1.0431872602519903,1.807012182506791,0.7667410153487527,1.1573594896313781,-1.274117336325586
glue,V,-0.9981504319831976,-0.9375882158978338,-0.41733728993087704,-0.30583369335891863,-0.6680482276869754
go,V,4.538207377417264,1.8430698177963958,-0.19568329704148515,0.7695695491519675,-0.49279681088434113
goat,N,0.035250709731313855,-1.724194379625411,-0.1459437924394279,-0.981993004411262,-0.9589269408917301
gold,N,0.02295436804387723,0.10265439644464552,-1.1517563659292802,-0.8973929547242734,2.2354658047984883
goldfish,N,-0.5332078119068926,-1.7322173969813301,-1.5375771000478524,1.5596615489346506,-0.5150477181604369
good,A,4.6559370821992925,0.7542914075859942,0.7027844240844144,1.3464194717599303,0.18269189916467585
goose,N,-0.25327448126456015,-1.5600548721188718,-0.3098584131435795,-0.4892443574061562,-0.5476001379646918
gopher,N,-3.0186771514675503,-1.1016690584275222,0.7530577790155909,1.673335850262264,-0.498200390256881
gorgeous,A,-0.5751746095590887,-0.016556577940960333,1.963710102595882,0.7349651177778596,1.949945074118754
gorilla,N,-1.820374758345075,-0.04070513489835235,-0.5270257801287846,-0.5759850965643327,-0.20293969246266289
gown,N,-0.6744531427423525,-1.3754847889051698,0.9126170759804213,-0.8910406532803687,0.16856652574157738
grade,N,-0.9247250757911425,0.7043619439462951,1.1267908078488416,0.24397992589575943,0.44597458330525974
gratitude,N,-0.6887444745269532,0.5657613198228538,1.0527851955785372,0.8841250800987048,1.463136321405164
grind,V,-0.8745902278716718,-0.23858654219362843,0.06634757277520992,1.1769112461996163,-0.6819114163618897
groan,V,-1.4416778786310533,0.7953311523064058,-1.227937316464798,1.4077203318308145,-1.014991550927448
guilt,N,-0.9949273593995969,2.0155603505049493,2.020396299088562,-0.6399608764530121,-0.9865519585341023
hair,N,1.237326073842466,-1.4174980872450975,-0.7698842167214028,-1.5993830176463226,-0.07164960259874627
hammer,V,-0.7302696342990419,-0.2670816817370712,-1.1725233647412716,-0.1717318256196184,-0.0670307455680828
hamster,N,-1.090414110507538,-1.7793172615169774,1.5378365228128175,-1.6798834004177374,0.2915497575377543
hang,V,-0.9285863509049033,0.9600809679673513,0.3076307647165033,-1.2239161238059622,-0.6751613510314869
happy,A,1.321716609338263,1.0354675549930825,-0.9432660424427727,1.1055861601473054,2.695663324492071
hard,A,0.050274491903423695,1.3573052311974023,-2.1020493655922317,1.3479846882588342,-0.7352390759457238
harm,V,-1.4372509068887183,2.569428963464535,0.5277796580426933,-1.2312761910821555,-0.42009636766020536
harmony,N,-0.4562995747217208,0.030377434264830146,1.1396707244257898,1.8563271613293226,1.3735308451174697
hate,N,-1.1064492997209712,3.468372740061365,-0.001704317349540057,-0.32131247623673953,-0.26293102248050454
have,V,7.133849456390173,2.0492371091476467,2.210004587756234,0.7261336583388336,-2.173349470225261
head,V,-0.4788339771924508,-0.4250297041357919,0.14395070738803523,-0.16569661607609604,0.2107667502831921
hear,V,1.879815874734066,-0.6384270922046786,0.12262259166335718,-0.49402760383611716,0.1343975278626854
heat,N,-0.188056814628253,1.3725034876573423,-1.0446747325925363,-0.4965343333287332,0.6311977183233193
help,N,1.7348884860726017,0.5297804933410993,-0.08284078675746673,1.082421058495327,0.5954999622373937
high,A,1.0732694971010674,0.593764534554014,-1.455356804276996,0.9088472286689208,-0.10519471148923537
hike,V,-1.1382865509523807,-0.7732120798954706,0.1484065198091987,0.835128288816766,0.7077147652972173
hippopotamus,N,-1.327458808235005,-1.2764075636106968,-0.6981887609986733,0.5517031083333689,0.30880652188858176
hiss,V,-1.2432619512330731,1.3612480005794507,-1.9385019939242476,1.9768198460735862,-1.1171527005258128
hit,V,0.09635260675587695,1.2480254977376974,-1.2416273016628092,-1.1380212337195719,-0.07852811790099369
hole,N,0.47333150581300315,-0.8410751270932741,-1.9668029286534277,0.6797148594754318,-1.24892876194079
holiday,N,0.7479759555348617,0.2221089663851771,0.07182381316794235,0.1507445909241908,1.5202006715583174
home,F,1.7177545913739038,-0.6889423941666343,-1.330337679496486,0.9562114814713559,0.3052716241386967
honest,A,1.0116265774429658,-0.2808982356421952,1.5507170181156584,1.0192654044948797,1.6180277951826085
hoot,V,-1.4270625271551982,0.4762677623562925,-1.3555554941848114,2.058670539352234,0.5531255484699815
hope,N,1.018682969307568,1.3409061874366828,0.9756154831167541,1.209390266094597,2.0021944040559188
horse,N,0.8123840915662484,-1.14117685106335,-0.7582029324667195,-1.6322213356451991,0.18610283821057
hot,A,0.817730126422726,0.27724958384258325,-2.069019860323578,-0.085571557373069,0.23233337129006867
hour,N,1.2437100372795986,-0.056724577879976826,0.5339654886462417,-0.7392342308718787,-0.6144200397958012
house,N,1.8792073369254418,-1.2262490051371404,-1.2075949273914508,-0.8580453125177033,0.3838464462037421
howl,V,-1.132509139383563,1.4166256834147812,-2.242343405061946,1.7793397994415565,0.5705776343360797
hug,V,0.21047771680475796,-0.7981327432485207,-1.4966147896109625,1.0179011862757161,1.6848248314953465
huge,A,0.1881213293242686,0.4961762039290509,-1.0207841454621742,1.0785815295376784,0.049059020178474695
hunt,V,-0.8720984919630272,0.9237197385735719,0.1102430529384289,-0.9660632722819905,-0.13408327000260237
hurl,V,-1.6864633604201085,0.9470301134476488,-0.4758041019619015,0.5495793483950391,-1.0194572093068683
hurry,V,-0.12160800853381527,1.7849993244154327,0.014095467577542509,-0.485771283797735,0.492928764724761
hurt,N,-1.2698115357860356,1.1094816219255057,-0.5652029242862735,-0.5995771108064369,-1.246507472802363
husband,N,0.8417500405468538,-0.8658002580973183,0.1660739532296166,-0.5049369998775682,1.1219229628995429
hyena,N,-1.9281443905979487,-0.4129859883486826,1.2819883991879144,-0.9554760396272294,0.02615461853206415
ice,N,0.4450154344563268,-1.4544099855155013,-0.7974590672976996,-0.4160136745836384,-0.43841085053122475
iguana,N,-2.608374043469087,-0.7922915842221306,1.1729506162463719,0.2342444205534061,0.031239635490161306
inch,N,0.05660743444233673,-0.6377567400671336,-0.9234967943648362,0.5290873123692542,-0.780377675707985
increase,V,0.24813512010239833,1.163133536474867,0.528703266134564,0.28069297477403576,1.0012426763566786
inform,V,-0.1807328626607559,0.2232787840403219,1.7658237783905162,0.6859658161307501,-0.38421016772541267
injure,V,-1.3332519635907594,1.342403575199727,0.5999432468405156,-1.388768115953174,0.47280902782831896
insult,N,-1.601685737861868,2.0857245617744034,0.7925827285747856,-0.33404631910615934,-0.49083110521417755
intent,N,-0.8003974162792744,0.606583771212513,3.0490444841146855,0.558256796991657,0.8554252941823396
invent,V,-0.33284868638930065,1.000533376813124,1.159788101259276,-0.5221552701115878,2.2417691378170197
invite,N,-1.1596908989310115,0.32921640834671795,0.865139512242082,0.09539167592414917,0.9380036742071539
jaguar,N,-2.058101495125744,0.24140122926195637,-0.6007262894738823,0.5634553265659397,0.8423758096797522
jealousy,N,-1.4190861614195054,2.8019761861901875,0.9646322890228463,0.2611398605378211,-0.3237566206618031
job,N,1.098115670413952,0.2323444379917149,0.5195644507048028,-0.3320798466706003,-0.020124592148742397
jog,V,-1.4217196349614927,-0.8231430281498671,1.6626087104166467,0.8182749810647016,-0.13582644915497183
join,V,0.6429030665100512,0.031672935304397784,1.0175084841611912,-0.25741961669675134,0.21957608056602274
joke,V,-0.11240940602382833,0.21810256220488478,0.43141837108418085,0.40612936350520573,2.429370904554437
juggler,N,-1.8944344724593611,-0.850522574910195,-0.7807534667079457,1.8935426619980456,0.14828637880148296
khaki,N,-1.5280219811046285,-1.8363489547713117,1.8415608930992688,-0.22143053793257253,-1.0289469344825244
kick,V,-0.2881142874359786,0.7722084798648463,-1.7342493586346421,-0.21085012832657007,-0.0671161767300395
kid,N,0.5338352010655486,-0.5255638403563366,-1.0784844316713331,0.25397748624773575,0.9818573874653203
kill,V,-0.7762208026725576,3.3144245159554093,-1.2813314536251603,-1.304601922249866,-0.3496751606102727
kind,A,1.676473067551155,-0.9574368239872424,1.4545851679761004,0.6158560304586594,0.6606541204471582
king,N,0.5461253767270317,-0.21627742120892662,-0.6633913720234541,-0.4626341595452954,0.37561389182153126
kingdom,N,-0.02663800877579225,-0.3022320042868625,-0.6281699825318062,1.0280196431654849,0.5934980399871036
kitchen,N,0.7599483144481863,-1.5023481129980003,-0.6246384678762437,-1.1167522456005399,-0.1796065144629765
kitten,N,0.40226394745120675,-2.471297373624489,-0.6065404068331699,-0.23441269325134276,0.3330588524299508
knock,N,-0.6452360710047701,-0.11521392238218878,-1.724838139299369,1.4790159340371347,-0.44870287621759486
know,V,6.471882404570568,1.7151276158681605,2.041487372976786,2.1069189901284413,-1.731738837408533
koala,N,-1.9660997542965353,-1.8083785843057143,0.7158243391359856,0.7114688168138896,0.31018754185937436
land,N,0.9968259500911075,-1.779877176388426,0.5955903580342311,-1.129051924833319,-0.11591278041143155
landscape,V,-1.758090977863752,-1.3183200563302184,0.9630168992666195,1.4220225539691087,0.5230310184670129
large,A,0.6917845119416286,1.132782142363948,-0.8951114747037089,-0.15264264951834244,0.9155442487497488
lark,N,-0.9475637005628438,-1.3038231471287922,1.1514087217733686,-0.8914571556365944,-0.41402970346712453
laugh,N,0.12340706759513374,0.28973198761006347,-1.3336364762050257,-0.684222607932231,2.6080199784138567
leap,V,-0.5037266256280056,0.21804783913318626,-0.5594426798855513,0.5355017344735036,-0.5235198359972529
lecture,V,-1.5016869960809196,-0.24991585985893083,1.3397687238422367,0.4190918881111567,-1.2943125399148485
leg,N,1.3697967509904103,-1.8209229668185156,-1.0024889604237937,-0.7977270594590324,-0.7120200856303202
leopard,N,-1.4315356765166132,-0.020121424574887223,-0.3640123396784387,-0.7768330864211856,1.8241039797628744
lie,N,-0.567240330361717,1.3275619732843618,0.6269503060710644,-1.7959049423003832,-0.9423139202962855
life,N,1.6355539055725923,1.2825869500818559,0.5296554238928538,-0.3517504211106908,1.4918579031064423
lift,V,0.20112710349100746,0.3425316573650622,-0.5151203280739783,-0.7887895737163527,0.41386012667769495
light,V,0.531037791287148,-1.051428625997377,-0.3820466089227474,0.1762520998447159,0.009672553570557182
like,A,1.9760632064220953,0.1038848124322956,2.113152504776257,2.013308356928923,0.06615067136425097
liquid,A,-0.8481897399434865,-0.7967269794227542,-0.604514984166289,0.4148053053713074,-0.5390588174148049
listen,V,1.510878970429235,-0.490727282579947,-0.0898570409898184,0.22461219873573793,0.31384421059612244
little,A,2.237798345516731,0.45278402056389744,-0.6218821881136374,0.07234473558706754,-0.3196969323099654
live,V,1.5938315341121407,-0.3349676280428588,-0.04006628665677934,-0.18886992058344443,1.5785960830774393
lizard,N,-1.7340954403203823,0.27832868234448405,-0.7505385029054024,0.2760178073641558,0.7301656663944741
loan,N,-0.9150056103739561,-0.25236030638431767,1.531558423341549,-0.26156498375952575,-1.044661651054697
look,V,3.054957430000098,0.9462455000821868,-0.3627847548066855,0.9580852881446412,-0.7384546998114501
lose,V,0.6224955796194094,2.103861036474371,0.6855362010471823,-1.518887426865635,0.14445543810853184
love,N,2.2795802545379598,1.0387185711872304,0.10237476275807021,0.852552098933367,1.8673677032480196
low,A,0.6363033446132772,-0.02244430299160661,-0.9260271855285596,1.535281464460561,-2.0057252894972475
machine,N,-0.10999128703077261,0.08711032655302528,-0.16415573242357018,-0.6048843258089931,-0.1236372455421648
magic,N,0.009487245796949945,0.8851926378223107,-0.4029455200943265,0.41485402014290146,2.192761282902323
main,A,0.4655764894772587,0.7903888115530767,0.9165121130998012,0.1929436714077576,0.08435363206881327
make,V,2.8845886655636983,0.6394680817772013,0.5246279525882398,0.1680916176150129,-0.3544806271591968
malice,N,-1.853953136960801,2.082290927560117,2.464535748312773,0.15409912608405868,-0.46116691857885794
man,N,2.7377580894163303,0.27315232737033973,-1.1447515115831621,-0.9989077986969739,-0.730280246233295
manage,V,0.3039200045353073,0.6212593460549664,1.9506886563669095,-0.040904529943265135,-0.42493007784444026
mash,V,-1.0261314177863443,0.22302954091794433,-1.2153004041958329,1.6217008321084658,-0.7284593131204021
mass,N,-0.3138492155099998,-0.09467008386422737,1.2973213123298153,0.07054683983746828,-0.38962322188835774
matter,N,0.6946471628399699,-0.16073956094752911,1.2276535675066684,-0.7844265542647322,0.18483865409093
measure,N,-0.32178113211249115,0.27158802984912356,0.5311942276758753,-0.2420931748504616,0.07157710063332581
meet,V,1.341336276537494,-0.309558432554157,1.0783756981147032,-0.7328375733224453,0.14565182993783307
melt,V,0.20496246555430184,-1.2169327035362139,0.03912213133017371,0.15413878799287833,-0.5179201078463794
microwave,V,-3.524226889712341,-1.6468933237008911,2.9575362523457382,-0.2823845863760488,0.10351242493707419
mind,N,1.2632856605585714,0.9502941766283938,0.4930430624484523,0.17788973109275247,1.2474526616646004
minute,N,1.256635322260995,0.33781219174862004,-0.10820183935383984,0.1599003272273492,-0.31563210440670897
moan,V,-1.4737036270707646,1.8731107757722778,-1.7694059514667613,1.421711574483327,-0.05183375519886465
monkey,N,-0.3838510046916017,-0.4464752356746333,-0.9025816379771453,-1.1039631026770047,0.7258573489851148
moose,N,-2.097045008030081,-1.2223895436641596,0.5297324172352208,0.14379864628480735,1.0792040491370758
mop,V,-1.0565885323984172,-0.9672401999229661,-0.997009684055133,0.5002246952655477,-1.386196203366168
morning,N,1.9270751059055111,-0.7862028173771464,0.9633386168601993,-1.9366236853507652,0.454010090554628
motion,N,-0.5328137285251099,0.15277691960332115,0.2478330089840464,0.06481066178242936,0.5817191828594146
move,V,1.1542739923539267,0.6068289898865069,0.16289043211727386,-0.7372545675679506,-0.2407638535807041
mug,V,-2.5938934809277723,-0.8038243339458674,1.349313666282591,-0.20191056078082736,-0.8163475177605266
murder,V,-1.8206466431472388,2.5673159099182414,0.4358315772516351,-1.8139388200849902,-0.5312337278006368
museum,N,-0.3398633947277318,-1.2833053928578428,0.3860338393385354,-0.01053548430987227,0.32262418403124354
must,V,1.9253303745621402,1.3387056199812737,0.07746569003145891,0.5998947581319258,-0.15349899684541124
mustard,N,-0.8828822647143159,-1.4788215790515968,0.3352388672786422,-1.1498575981377415,-0.8728642912149224
myth,N,-0.2278801451111212,0.18095486496445626,2.1239083715458604,0.46148269818670634,0.6102856716202812
name,N,1.7739158462703233,-0.5492232209200205,0.2915052180379925,-0.4635486234162676,-0.8043201625862755
narrow,V,-0.7815512354309776,0.4861579635178264,1.042440967877939,-0.08336280125667055,0.19618552465006772
new,A,2.4337194945390523,0.3805736280380369,0.365889925236025,-0.7323837132691494,1.7330367320208035
nice,A,2.0501061890886008,0.0007996635709936314,0.40491936027228553,0.7624725365752123,0.29595390708120983
noise,N,-0.13698279236795408,1.8072508665444125,-1.0882260192239093,-1.2815239491926558,-0.02927346483835542
note,N,0.39441626822168213,-1.2248508340144653,0.07388160184237089,-0.773802615202192,-0.42200808352344105
nurse,N,-0.1637447228464241,-0.04393817041275749,-0.7781803308461356,-0.42600192464420766,0.18588104489795204
object,N,0.04502876329698051,-0.21254406153295063,0.8852702519858834,-0.6572813313899118,0.128028546504636
odd,A,0.36001094195745154,1.4084185427122735,0.6944506349844648,0.41429396155057246,-0.1260556447174463
offer,V,0.7960954206878988,0.23315289424944569,1.5332045450691838,0.11994809215775407,-0.03517497129868972
old,A,1.1797351744446691,2.018755659828278,-0.30968729926452565,-0.47377385165707697,-1.0814581638375265
one,F,3.7372043432675004,-0.14601177863589884,-0.6099388530172986,1.3323895804171755,-1.9578877014979348
opening,N,-0.5712749999805591,-0.05318810950077257,0.29893907735119624,0.12407692866333868,0.585320388198741
order,N,0.898390959319217,0.016687380917545343,0.6365477198739659,0.7250409803615668,-0.3812155619122282
ostrich,N,-1.5228256704799148,-0.9970422870397139,0.34962077919251633,-0.1162068712226611,-0.3653265008303827
other,F,2.178453959946174,0.7382311463876543,1.4373367663874905,-0.22852730472260138,-0.4108453609417881
ought,V,0.7018260371102986,0.4317453969006885,2.3098022119215873,0.2993315692327664,-0.5663136480482711
owner,N,-0.012099791885120628,-0.004981598152686058,-0.15966992668594335,0.10395392222955367,0.8396299960310277
pain,N,-0.6359244153750748,2.528626634265674,-0.5484868998336488,-2.1008069757156593,-0.3106831764153386
paint,V,0.17235831313360706,-0.27174138341150506,-1.7337756415279117,-0.15162025607109558,0.11166128925233444
panda,N,-1.2436470560786477,-2.1810963897964544,1.2375444614900308,-0.3387287972156726,1.1046013829820507
panther,N,-1.6457925618249942,-0.1820882294330726,-0.157380701371245,-0.03428733554728074,1.0948463773522905
paper,N,0.8349701701429826,-1.003148656862378,-0.9501647404789733,-1.0579288998901988,-0.6239386264386364
park,N,0.9365769757138194,-2.127327455918666,-0.4469496800971467,-0.18333094616911683,-0.3109138509590443
parrot,N,-0.9287047623576584,-1.106706246535084,-0.8475258725126226,0.15585024367788092,0.8375759344340168
party,N,1.0007379955581246,0.9239563944474882,-1.6552457623116592,0.024371829752210254,1.9269377665564793
past,N,0.49236822538593644,1.6376435226720634,0.6238336906808843,0.5731048846382187,0.3943971782706255
peace,N,0.8599073236051226,0.6443634405784616,0.9737103210419517,1.3625376329532655,1.7597437916760004
pearl,N,-0.6788759583789314,-1.3063512028874011,-0.4122806415029603,0.378701198034715,-0.2846484286720337
penguin,N,-0.7526345863179087,-2.0441548539109253,1.1045208717317783,-1.4316293254862986,0.6188650824296706
people,N,1.8474807478786401,-0.35152809444424765,-0.5085038879737243,-0.7128001251815943,-0.6590032560257181
permit,V,-0.4411998211766547,-0.0657981630698482,0.8625308039948822,0.268297044365306,-0.24500200689403018
person,N,0.7513084837302135,-1.0827605399749445,0.04831929147397364,-1.0555493905157403,-0.0624007962791802
pick,V,0.84133292627486,-0.13480376401025507,-1.0403812383500786,0.7321055431481519,-0.3355906958356864
picture,N,1.2429629404868652,-1.559906102347402,-0.3368939081144988,-0.8058665243674505,-0.01607623607087093
piece,N,0.6965501007860898,-0.4177815957719264,-0.5504539264179955,-0.4419663798368903,-0.6101098370123222
pink,N,0.19975120440650915,-0.8798222422315521,0.06995741006536026,-0.600889960215371,0.8111822836427296
plan,N,0.3839054507238533,-0.3570261703884844,1.1311160949372985,-0.2541161123969335,0.2861008776197352
plane,V,-2.193736208093274,-0.9013047502327198,1.1013867296082964,-0.5840326244540538,0.6728221929743126
plant,N,0.6770581834615629,-1.4647141685687226,-0.18674207114605443,-0.9269844685541612,0.6255025438585828
play,N,1.7734505441065604,-0.6192335552808464,-0.600882088319008,0.48406985618570597,0.711480120407249
police,N,-0.02139698478106824,0.8388515087782836,-0.8180970525981115,-1.963004380897017,0.5997839944020052
polish,V,0.052141881683081676,-1.2329680994980718,0.0007269925513462658,-0.20414415777760012,-0.26193717079979834
pony,N,-0.04756144326947415,-1.4242351964704414,-0.5030793151019872,-0.8623478419368372,0.6520286586415242
poor,A,0.6124789006060063,1.101723261756429,1.1274759793239864,-1.9995478697000055,-0.27987168767598514
portray,V,-0.9627158908909857,-0.048418408553704294,2.4586455874861977,1.2809332460655085,-0.40241378317797744
pound,N,0.05822380972435629,-0.07343903151524249,-0.24398354735417788,-1.2376215207832921,-0.40024198178469944
pour,V,0.3633637494582413,-0.5609602704844182,-0.7418173687528813,0.05600991036985569,-0.8441066223837039
prefer,V,0.17863548705859955,1.195327621610982,1.8129857452851663,0.2636412399332073,0.8115278487642836
premier,N,-1.7205089715758843,1.0038772231903768,2.014223300132832,1.5142238247719035,0.5886133548860687
prepare,V,0.11400661922036479,0.6662079855835444,1.2888974430514641,0.17678383324897975,0.1959554517047107
present,A,0.7705015141070553,0.004043202028123969,0.10660980976207621,-0.3805675224110157,1.2253160317195448
pretty,F,1.0742367506051118,0.9887799598514271,-0.594898298287534,1.2281281124267782,1.9526818451163344
prince,N,-0.38145629659494495,0.28198266373737535,-1.0698742714911773,-0.3383742677189051,0.5040797210637472
prison,N,-1.3129314405215406,1.4548141323034545,-0.5638325191637488,-1.4558489954160083,-1.2765508008445319
produce,V,0.5175885413288448,-0.7643110758124907,1.4274069858819423,0.1547435066671873,0.15031936787864758
promote,V,-0.5029216307276582,0.502038621249687,2.1020635164069716,0.5883936137171206,1.2882674582574085
prune,V,-1.963599081898544,-0.8153487125375823,-0.004732926465297958,1.2489901785872202,-1.2566701446950415
public,A,0.5261137640140009,0.08464502611044704,1.8349152953298578,-0.13191764574882459,-0.30362064903036134
pump,V,-1.144941415681436,0.37781144978293013,-0.9125045383884637,0.7122533882072682,-1.03324427200805
pumpkin,N,-0.9652568803415239,-2.314070313308917,0.8728314702473796,-0.2865763222611824,0.3414744792970956
punch,V,-1.4541920767303302,1.540717912551796,-1.6539506145790697,-0.34916698417174813,-0.23303231798806773
purple,N,-0.7454063334766607,-0.48877604799696184,-0.31452949501912725,0.39943850078988097,-0.05063043511944198
push,N,-0.3361548415614254,0.04894363895739164,-1.6592232639375872,0.6739483758259041,-0.12099445836981791
put,V,1.958738808439335,1.0825280848237646,0.025263747091225978,0.279759309848015,-0.5738270283701838
quarrel,N,-1.1739602846543378,1.5101982262117148,0.44981682070865564,-1.3708604378561946,-0.3404032928735083
quick,A,0.30552826076905065,1.3702375609938509,-1.6306375667986925,1.616473025032806,0.8077821952461522
quiet,N,-0.7586212444943197,-2.1456625327937133,0.42188753168651755,1.9886615108176993,-0.8933813409189924
race,V,-0.10309065581650001,0.3226132861921243,-0.0016068471814136233,-1.0006422723038657,0.77067687947138
ramble,V,-1.9098998577565085,1.5022479714659542,0.446649764092749,1.4860283997531472,0.09510821663123822
rat,N,-1.207518244000755,1.371836944634386,-1.8096211998537461,-1.0218644204027385,-0.22717789966666674
rattle,N,-0.8522916476324753,0.5295187235636065,-2.424836924058886,1.1653334738690837,-0.6052525797293017
real,A,1.5923136058230793,0.20496717230351957,0.45025716775318936,0.6519305415327237,0.7663993858565914
red,N,-0.05272230527884232,0.2279337206194748,-1.7114104638631773,0.09637055753763187,0.43504718820863086
redeem,V,-1.1426608972391075,0.24081445886114222,2.293016068089623,0.9182854330984628,0.6545666295792001
reduce,V,0.1346616286597292,0.6518533506305563,1.9630288113862813,0.3165712449086693,-0.13466398195631615
reflect,V,-0.1942416982694897,-0.23051084677454137,1.770426608168871,0.8610611684691816,0.03878141332518177
rent,V,-0.6756000795757675,0.283878577782963,1.0329259392374195,-0.6340536347172786,-0.3011798176054829
resist,V,-0.82925899401723,0.6929618449001405,1.4848429388568918,0.4249271490751243,-0.9149681648736411
rhinoceros,N,-1.6696216351861666,-0.8089908386535308,-0.2666004119275522,0.5382076563474422,0.3720219236135055
ride,V,0.45040153823241363,0.2840651725715051,-0.9629352669310912,-0.15504017800661296,0.9405444678708971
right,F,4.055888304693691,1.0915804995650356,0.25121242393104487,0.921843182449751,0.05790280869869345
ring,V,0.05432542238514088,-0.3842996749467238,-1.9650624817444013,1.3867181205557542,0.6294329939558708
rise,V,0.020425644486277234,0.7128202309250917,-0.8340750128225807,-0.1599350055719628,0.8072140283196062
river,N,0.6104213580013176,-0.9537751313105941,-1.2136919866663511,-0.400006740875986,0.4819697093027716
roast,V,-0.6742121011715455,-0.7726178053352706,-0.1689769813858084,-0.04707669934554214,0.023934872225110572
rob,V,-1.360562447473202,1.827704997465318,0.2472183507245505,-1.6111066111451118,-0.656145726902106
roof,V,-2.1155662808323754,-1.2428837719947134,1.3178278016712321,-0.30101771599225907,-0.944344807578401
roost,N,-1.567375788933036,-0.4896792619032845,1.3083532831413502,0.4462639644930887,-0.1805096812472843
rose,N,0.29521235085927583,-2.260122958438391,-0.3197273164502716,0.1434918008137331,-0.19619846100106186
rot,V,-1.553618502690542,1.1747454360576484,-0.2543848360855003,-0.4277202111307942,-1.0816287860628298
rotten,A,-1.6297583477344602,1.6315955336200376,-0.8399166936513804,0.09427013939228063,-1.1603095605743114
round,F,0.8639040122357295,-0.7384615894411329,-1.2904292996619402,1.4917330618548863,-1.1233612115123044
rush,N,-1.4330819528648502,2.5096763067390313,-0.31198383519534023,0.2072635376188576,0.9291062281396316
sad,A,-0.22455331990009234,1.3007002846480697,-0.6197870546400394,-0.001551695714745841,-2.1880114977330343
sail,V,-0.09775077956383252,-1.1939380065279852,-0.8562494536812074,0.6361312292433087,0.25533316184125576
salmon,N,-0.5840129071996587,-1.586647802836793,0.598338053644594,-0.6892481550537701,0.3612895869027361
sandwich,N,-0.1259309063605409,-1.2528243775018373,-0.6291576854746119,-0.9528718950370701,1.3214824739596485
satisfy,V,0.09172383845590176,0.9907074608881137,1.2867569842889228,0.4207683730832922,2.073240172717178
saw,V,-1.1081197176781123,0.08982297628016223,-0.8029394610975931,0.4131530445335735,-0.9512076810601404
say,V,3.0932265373668693,1.381770762680377,0.2964505277487388,0.008519478354157983,-0.04161696064187755
scramble,V,-0.942457699622845,0.9230727521461152,-0.42820347428080535,1.1260216959484564,0.29981980399890523
scream,V,-1.2195799060458599,2.512914530866165,-2.1906650083696,-0.6038245200677392,0.22560819236852336
screwdriver,N,-1.1100231074630953,-1.063985434525394,-0.9543281783820864,0.6719552103329335,-0.29766672095475644
scurry,V,-2.4718236009345715,1.5243596798037804,-0.15005043407910865,1.4296581068004584,-1.0752592977708009
sea,N,1.361238000164605,-2.2960172457853893,0.3344159344738406,-1.8053986291938886,-0.3043053392154065
seal,N,-0.44658959721267566,-1.7821736808917026,0.8315890966446838,-0.6523005401304562,-1.2906625599111934
second,N,0.6239615369231325,-0.18014509327240993,0.633861629070904,-0.23737910510997115,-0.5322020482607941
see,V,3.6525785721631325,0.8589266646627883,-0.07575228769738324,0.6438375594406587,-0.6857060896644478
sew,V,-0.20029403565526047,-0.5505259497864183,0.0688012384642333,-0.7635608902853599,0.3047380224463584
shake,V,-0.16925057258977244,1.2540716977003703,-1.8069139484372938,0.26145834309885857,0.017765367116015715
shall,V,1.4345057708393563,-0.04958678079395025,1.2913928815126776,-0.5535860316616446,0.04185560218056383
shame,N,-1.019857857683113,2.6741169485107177,0.0006240386809903376,0.22534807994356282,-0.49251976305828593
shape,N,0.5284620715709774,-0.05901654713726212,0.13665381337622437,0.09700687050544446,-0.31515903145287005
share,N,0.9170522054183772,-0.8276074063852217,1.0579066931290237,-0.3445830387838323,-0.035605703669584814
sheep,N,0.3848029741116152,-1.3866018042735928,-1.2054336222956257,-0.3410397899296438,-1.078465986128363
shock,V,-1.4368261934557187,1.8250742314846309,-0.9691419612203496,0.1433804857857442,0.2690449542753472
short,A,0.8517580807011721,-0.4771782186284934,-0.8186791959546044,1.2992547318212866,-1.0775433527482547
shot,V,-1.2361034558059842,2.596531708141096,-2.098030524632736,-0.20953478549178098,-0.15713426987186585
show,V,1.2800491558137421,-0.03601388262390238,-0.4684366769277997,-0.34186754901725047,-0.02229042748045552
shower,V,-1.2186825115994584,-1.4100552556553352,0.24919225102788842,0.6590558185953985,0.7863649074431686
shriek,V,-1.6678227929882719,1.812781609445397,-1.7382071140374953,1.1065966635085638,-0.46827996197668864
shuffle,V,-0.9999834903718521,0.17616196561685593,-0.9341255022663253,1.8697803004281255,-1.0402019831089835
sight,N,0.9722116957133486,-1.0680493888473608,0.7639901494804152,0.23087376676351068,0.3450006014502573
sing,V,0.9141812923166037,-0.9352712404204158,-1.4545318259529627,0.4949291739752187,0.776419892685796
sink,N,-0.26685241320751124,-0.8064441991984631,-0.8339013231112212,-0.8204452009624659,-0.8552670049197432
sister,N,1.2669726028251969,-0.9552756918985289,-0.6528026512990484,-0.3007451729490828,0.4855860404459684
site,N,-0.36504275419291793,-1.034816459312233,1.1781081977836758,-1.1768551569166525,-0.41301645647834556
skate,V,-1.032363420420621,-0.9259228954512451,-0.6478743447551975,0.673146251520562,0.7343177963547223
skip,V,-0.6944121293010683,0.1805748113040033,-1.2013341507469797,0.569874469721081,-0.4634954399481697
skunk,N,-3.4538600442039686,0.6721987858101629,-0.3706782442096806,0.2523208034182436,0.11264912377490703
sky,N,1.2774332520573948,-2.1767728003663356,-0.2817995890114112,-0.38897809672517253,-0.048518159485432234
slave,N,-1.398453865114364,0.7683844523173932,0.7217448238452623,-1.9678956397956768,-1.3812488592796595
slavery,N,-2.081247750714093,2.205796491191089,0.5921705828519559,-0.474777325648257,-0.7526538416588967
sleep,V,1.3814275992744902,-1.3411975310779254,-1.0219747157957777,-0.20083009832472365,0.31926186988500116
slide,V,0.2522566264872127,-0.9977924828654131,-1.0711286077011344,0.19902565936526984,-0.6168207557449858
slim,V,-1.943197859415055,-0.6463271177072059,0.4319982704502268,1.7490893945414125,0.6434807534004442
slipper,N,-0.37486683323025544,-1.0235351562365342,-1.3844597711397404,0.20142342587378853,-0.2729161536907656
sloth,N,-2.4042209570984165,-1.0103978068284347,0.9515778238054146,0.738528100561661,-1.5962073296345891
small,A,1.5414921291315193,0.14628305180064846,-0.9861683100361343,0.5472218753613525,-0.4407528320077981
smell,N,0.40576976207438237,0.2628718555196126,-0.8370722266339828,-0.31484843930877987,1.1443925773396635
smile,N,0.8686990379736994,-0.841372626395605,-1.7013198196970871,0.3665416189267014,1.3081464401255911
smoke,V,-1.1611452156194044,0.9593661776277479,-1.6545592767399278,-0.17701537889022687,-0.7715069002766848
smooth,V,-0.4668326436044937,-0.8589743434477173,-0.7701431883259074,2.534893370351671,-0.6406210013677098
snow,N,0.6109460557226538,-1.0398650236140967,-1.1060948832996933,-1.0211243492036877,0.8130224083928526
snowball,V,-1.0715617919945999,-1.1442696956973089,-2.056097799702181,1.4174310134303179,0.46160210019741094
social,A,0.13234734027841977,1.299341655973692,1.6197405248102332,0.15480914737438853,1.30126490261858
socialist,N,-1.6932079167526697,0.8105574963801482,2.2519461917480017,-0.04795694429031664,-0.2024702859764669
soft,A,0.985754660205792,-1.0663557308029061,-1.2674182229761042,1.3365562945187275,-0.08451891171774539
solid,A,-0.11170383587930667,-1.4745041807834751,0.14701204437635093,0.6293785843845853,-1.1768586534838699
solve,V,0.18229378590584755,0.5177384283487152,1.4378263175883144,0.5410114188664812,0.8692370880600849
sorry,A,1.712322910083097,1.519549993635612,0.7474302115486336,-0.23886419758224878,-0.15892740094670124
sound,N,0.9722214576690841,-0.3063514420222031,-0.48762425113750185,-0.13583195337738466,0.4355554410054591
soup,N,0.25447414435543547,-1.2076188341551706,-1.2040911679253845,-0.08766773224344422,0.6901983748654169
sparrow,N,-0.4710317119668332,-1.8298605628008968,0.0284499760234577,-0.6321882808673199,0.2968639304821639
speed,N,-0.3429197510392768,1.398274404966538,-0.7457419492524225,-0.03020584802316496,2.366469627927133
spider,N,-1.4826066597351404,1.1894473963845795,-0.9739238081460504,-2.7406503347038913,0.7108705968008016
spill,V,-0.47423761417772337,0.2921373613864215,-1.2594369408919759,0.14229207712289044,-1.3733984982814633
spit,V,-0.9369500765028781,0.06725778939607929,-1.2305756781988189,-0.17845257961421584,-1.8641785287001638
splash,V,-0.3380503232515987,0.11941483131890562,-2.424029365421172,1.636211792369802,0.6353462895346593
split,V,-0.8145507477673812,1.0690216186728851,-0.5197118532711077,-0.5368576530761713,0.4012077740175539
sprint,V,-1.9269537679031024,0.6760879131347028,-0.3810049845943474,0.5694085874729607,1.2030970369349887
squirrel,N,-0.9869390641471214,-0.8733084591136653,-0.2896900653767667,-0.53778837896069,0.26557640775425134
staff,N,-0.5059646946990548,0.003210756054469051,0.14562950512692002,-0.2147561864523153,-0.07987433529787143
start,N,0.5246922240334935,0.3413807321537214,1.0617535183969125,-0.2579674546926599,1.0620250092176011
state,N,0.3567194406071219,-0.45799947597266183,1.3793563979989274,-0.1179327443026294,-0.29628682988155114
stay,V,1.6530992475112594,0.15101663585193448,0.883933740824059,0.7951921505582762,-0.29214358943554714
steal,V,-0.8974732410254272,1.6161787854782166,-0.017927929928532555,-1.853978983935774,-0.8485575810455279
stop,V,1.1269601156484534,0.968751424234692,-1.4225995624443815,0.6260430370266911,-0.8136097401899205
store,V,-0.15937225615936063,-1.483182401154302,1.0422916142671133,-0.9819746923895147,-0.15369763118488436
story,N,1.8754802227318215,-0.853363133710154,-0.2754132096232131,-0.061620872355831864,0.47712284900999774
street,N,0.907661716351709,-0.9077094463654506,-0.3903006170687973,-1.4535710498025005,-0.7737440372504644
stretch,V,-0.5234040217403172,0.9637916153283912,-0.7454606832925003,0.8390075793856442,0.049230307444707896
strike,V,-1.145850318027635,1.7131648842473972,-0.1958700024854447,-0.8791867279317092,-0.3395509199283841
strong,A,0.878058798432435,0.6272387738941664,-0.6253071318832862,0.2434055345570262,1.3329825137401137
stupid,A,-0.2590057612806605,2.2448007910562224,0.3884393252667613,0.6222075382071371,-1.0755184721487114
suck,V,-0.39895386132728433,1.9610612788548525,-2.0035834870929943,0.19878783819582443,-0.11613259197235196
sweat,V,-1.347612432967512,0.4247415241575709,-0.5722242050610659,-0.448418378159743,-0.041406073534584344
sweep,V,-0.034042985261476255,0.41195976095574816,-1.6327023301679475,1.4883573253462545,-0.5052339001069243
sweet,N,0.8215782704923739,-1.1663985916099049,-1.251775682820176,0.4808272296268114,0.9941641622175603
swell,V,-0.6931933760494192,0.3438267373158971,0.6787888203105099,-0.16406582816355023,0.20354297549682923
swim,N,-0.548490839496044,0.11010930159618758,-1.1957780048399111,-0.3934433030444167,1.7740492623525483
swing,V,0.443027694460926,-0.6844374305734386,-1.9303781909589435,0.9083939666103539,0.42454706800026504
table,N,1.2081808987376688,-1.4821600940343453,-0.7435162571447833,-1.353681996786911,-0.8942632245053653
take,V,2.561431208027796,1.6786871429192052,-0.05681286366702736,0.03152483152633708,-0.7261802269776604
talk,V,2.1934724437616495,-0.8839711910744059,-0.2578144932771929,-0.4834779826460065,-0.23986546701311548
tall,A,0.9189369821415886,-0.7344440981979009,0.3144107175163787,-0.4054735483052243,0.5551337798969606
tangerine,N,-1.835097860454666,-2.081477669149962,0.5237676483249739,0.21652480858707812,0.5199467898836934
tap,V,-0.953007813938503,0.018725793306203917,-1.5957314291734865,1.7487960858941574,-0.49762038339053716
taste,N,0.34734143923828276,-0.34480328793520404,-0.7899986740106076,0.02953315684453686,0.7712023349671432
tax,N,-1.284881723826743,1.00732967159629,1.40335788566772,-1.0852950284329477,-0.8380249926094424
taxi,N,-0.8662029751275345,-0.9355842092189682,0.7777114839032134,-1.1659663233476925,-0.5539497317976273
teach,V,1.1623303184943379,-0.8308803589274764,0.5906523411911568,0.03791965136600304,0.48772445686636595
tear,V,-0.6708022542782685,0.7243578119375799,-0.695451493407413,-1.4197598079995404,-0.8368122453491796
telephone,V,-0.8027371474437872,-1.002202077991174,0.4074986084120729,-0.9684345981070764,0.21588472821078755
tend,V,0.07759065106560942,0.4151060886997984,2.498110842138451,0.15321466364125735,-0.5324249718730044
theme,N,-0.35076993472108975,-0.3259834878128274,2.0768435270598005,0.4956766620850504,-0.42837540602483276
think,V,3.857520935016647,0.8610653111061161,1.2737646154802236,0.6350253990405353,-0.40266744814588973
three,NUM,1.9007843104885835,0.05248425158994801,-1.140022652482911,0.14193883588278197,-0.8347574659346032
thump,V,-1.1366210307352884,0.5941481835136279,-1.3245332412770463,1.685491180544519,-0.8471644400863804
thunder,V,-1.1737648838831607,0.7524662555447653,-1.923098456034103,0.9275643335626297,0.9340501353198462
tiger,N,-0.8972165837112955,-0.2322652711994211,-0.9067713107499918,-0.7257174728273807,1.061297334200662
time,N,3.179790002039887,0.26640512537380395,1.3112993289990342,-0.7417247697217351,-0.9040830835922083
tiny,A,0.22101462454672266,1.2944985261252653,-1.7429247014670617,1.402704706298761,-0.07280678373573035
tired,A,0.6815143397136425,0.2710495732790856,0.12497627729586484,-0.7164206744661687,-0.819782891869743
toad,N,-0.9563238892809114,-1.5627483056912512,-0.12841900772283038,-0.07317206977372254,-0.17899590369585375
toast,V,-0.7914706757150987,-1.7818064843455805,-0.12231624426703233,0.16922334261885638,0.2061792178657611
top,N,0.9052658438621938,-0.07986361292784104,-0.9648382521995645,-0.29059145800301966,0.26813318556477683
tortoise,N,-0.7009591149953969,-1.5495854213232865,-0.15028810366037618,-0.2640301721698353,-0.5756471055818227
train,V,-0.3503254341008365,-1.107769991252398,0.5919261017367263,-0.5844815765355752,0.3714901135715126
travel,V,0.354448242554305,-0.24589776253418633,0.5759319119557377,-0.6438864672969707,2.3125968314701253
treat,V,0.09945659447554354,0.13687015314263845,-0.3018705050150115,0.3057060210599102,1.2325650085460185
tree,N,1.5924199361982685,-2.723257635770884,-0.07051588151102423,-1.2495554320436122,0.04812093747639717
trend,N,-0.7265097126297226,0.6772271720836228,2.1694071584449977,0.15125210462495273,0.500881449500981
trouble,N,0.1137079936381286,2.367429063209165,0.9624468051880501,-1.6779271673145952,-0.1046997988420668
trust,N,0.5604169395969227,0.13252199476185347,1.597629140805836,0.6917460803228426,1.2817393436383262
truth,N,1.2729804816509507,0.32407287697611453,0.4486384293277494,1.3688651469190276,0.8165249561370124
try,V,1.9253943333596137,0.6430277549736999,1.0016150265052532,-0.6374502459438232,0.12004257634256243
turkey,N,-1.3874718059215432,-1.4840071470424097,1.1683393929257042,0.00785952792568533,-0.22061140769299242
turn,V,1.390866985643392,-0.20229464313136136,0.4154922405477349,-0.7210883750065059,-0.44370595347271136
twist,V,-0.567343934139726,0.6925800478733547,-1.2810206302166067,1.0108997505892254,-0.5506723459901369
two,NUM,2.631796804723287,-0.5084871796405481,-0.9386134475629231,-0.2055224824939604,-0.6313983545103231
type,N,0.22633549223779226,-0.602313280955233,1.0004460259770218,0.9419618695776303,-0.46698117882854784
ugly,A,-0.8132868542816103,1.6146932043412554,-0.6158947612254322,-0.01946566011458412,-1.3703024976151579
use,V,0.6630581267360476,0.7601711458229203,0.2743965775825806,0.2224355202450934,-0.11624203258224149
vacuum,V,-1.7935910872406164,-0.5318393565394008,0.6954258799411929,-0.17839725897345227,0.35063032607102823
value,N,0.33208611855908565,1.5060006556717007,1.5430517053643462,0.5407383893446828,2.3436939434766333
vary,V,-0.2522148286910505,0.6585957383404656,2.4704297482685718,0.00371094704833518,-0.41886295448280736
vault,V,-1.2346329201267723,-1.7159308227846668,0.8045215683807794,0.5443244275026252,-0.6766677492791723
view,N,0.8241528745507859,-0.6537607741930401,0.9493289729024906,0.26369690307182125,0.1952308077142342
vote,N,-0.8724246895615753,0.2715080768701048,1.386697137250518,-1.0208845036294267,0.6827039704887004
wail,V,-1.8074062138176061,1.361628609642088,0.2512087348090058,-0.8792008337945464,0.18533411235804906
wait,V,1.539988875607178,0.5461900931756486,1.2241058799561748,-0.8134214486014959,-0.8449082626849705
walk,N,1.015838574572725,-1.300895205068663,-0.5088068650088102,0.09675802761764185,-0.07433614666179254
wander,V,0.32291868757418196,-0.0382732830849513,1.219184289030967,0.6771933588159181,-0.009281019934088117
want,N,0.5199817553913422,0.8815347894384897,1.550682988221153,1.1430431315025567,0.3618573848336177
war,N,-0.5299905947600865,2.5085410954534746,0.1964767660778551,-2.3354225799581214,-0.153628102233286
warm,A,1.2522331948982737,-1.1074024128286284,-0.5753833654330633,0.6643215085354973,0.45081211112722186
wash,V,0.7982331016727666,-0.6980388023695816,-1.4348500850125079,-0.020121249350872082,-0.2218422609065057
wasp,N,-1.5972742047843986,0.807742149332963,-1.3003471467990853,-1.3478983124971315,-0.7901371829040496
water,N,1.6079905888871455,-1.3403851757129364,-1.4326322816800432,-0.6943523648716627,0.20107477405507462
weak,A,-0.543629526238239,1.9391341785340424,-0.058289511001216716,-0.26692620066231953,-0.6903130232677512
weather,N,0.4919044559961525,-0.6674348907769719,0.5206743832984253,-1.2242232885026325,0.4714769773482771
weave,V,-1.0895640573495786,-1.27906774439587,0.7967457184349811,0.28534714873650796,-0.6775783605049691
welcome,V,0.519469861320333,0.021388402821219243,0.9830479776225471,1.680994491072437,0.8141826292713981
whale,N,-0.6559672744741423,-1.443650975489841,0.7444286809752996,-1.6444227615981115,0.287220072798006
whine,V,-1.476502249300401,0.9991190450212497,-0.5022980002908903,1.2080940804380558,-1.7862527942678716
white,N,0.792161733205389,-1.0039373278929722,-0.2698936923831565,-0.13671375952766826,-0.2345529427959141
wide,A,0.5944997373570322,-0.23676907761509206,0.9383894254288736,-0.6133390616937987,-0.9849756782972843
wife,N,0.9933967807374245,-0.551464707832387,-0.06841516353505857,-0.4577023741923147,0.5492248703760075
will,N,1.5980040935279645,0.35078693910780484,2.465682358517585,1.0480687369773019,-1.3837419773108517
wind,N,0.7466277998488333,-0.3844864792164105,-0.8046889560490612,-0.09516933187886503,-0.29119889589999637
wipe,V,-0.09206618364671489,-0.028855993971767243,-1.0897388600407085,0.4792830441137838,-1.0147087941926671
wise,A,0.6489233140764601,0.16878171012046586,1.1723950006500645,0.7020317168448043,1.5034007023002984
wish,N,1.1541646120551015,0.08890328903481197,-0.0038671395116080913,2.1258064034305475,0.3798386564744566
wolf,N,-0.7559849374350629,-0.30069854862989714,-1.1199847288992346,-0.13570810339085496,0.9623010901349189
work,N,1.3659727244950006,1.008472509848082,-0.6605618298681153,0.21192775577974157,-0.4360265993124338
worm,N,-0.3079348072197668,-0.8674558003443487,-1.2781870251938936,-0.15595636707430655,-0.963130302684253
worry,N,-1.3305642542524205,3.0396358755661423,0.707382860638964,-1.0188838467778698,-0.12086873219995331
would,V,3.233903560004072,0.934118035319178,3.224748687778149,-0.9292334256121515,0.00702147305133448
wound,V,-1.3332874595864856,0.8535709487958303,-0.19252163463037017,-0.46368117252984353,-0.8531665667725296
yawn,V,-0.47947538142561313,-0.9150174661929011,-1.8149195334368702,1.9656247979169041,-1.1340579666297164
yellow,N,0.022742129443101125,-1.0543442574069268,-0.4890325772038597,-0.27408315222019225,0.041487023996052634
yodel,V,-2.452070084150932,-1.1494121768103278,-0.3048814462990568,2.705760594446457,-0.39747991690228335
young,A,1.4093727341341105,0.037269292271124466,0.23061788957350793,-0.3641721251561904,0.4269735371934999
zebra,N,-1.0258695471645096,-1.8380465501572714,0.5081525454007627,-0.6014590473481676,0.369522454961031
